state,year,college,beer,primary,secondary,population,unemploy,fatalities,totalvmt,precip,snow32,rural_speed,urban_speed
AL,1981,.1314241,1,0,0,3918.533,10.7,937,27852,4.2174997,0,55,55
AL,1982,.13471727,1,0,0,3925.263,14.4,839,28516,5.6199999,0,55,55
AL,1983,.13793863,1.01,0,0,3934.1,13.7,944,31032,6.3416667,0,55,55
AL,1984,.14600676,1.02,0,0,3951.824,11.1,940,32961,4.1883335,0,55,55
AL,1985,.1590576,1.0599999,0,0,3972.52,8.8999996,881,35091,4.3649998,0,55,55
AL,1986,.16725934,1.09,0,0,3991.569,9.8000002,1081,34003,4.0058331,0,55,55
AL,1987,.16777046,1.1,0,0,4015.262,7.8000002,1110,37426,4.6583333,0,55,55
AL,1988,.15552136,1.1,0,0,4023.842,7.1999998,1023,39684,4.3916669,0,65,55
AL,1989,.1450119,1.1,0,0,4030.219,7,1029,40765,5.5924997,0,65,55
AL,1990,.13948877,1.12,0,0,4050.055,6.9000001,1118,42347,5.3199997,0,65,55
AL,1991,.142965,1,0,0,4099.156,7.1999998,1112,42924,5.7266665,0,65,55
AL,1992,.15019484,1.02,0,0,4154.014,7.4000001,1031,45762,5.3416667,0,65,55
AL,1993,.1561411,1.14,0,1,4214.202,7.5999999,1042,47337,4.2841668,0,65,55
AL,1994,.16175006,1.16,0,1,4260.229,6,1083,48956,5.1683335,0,65,55
AL,1995,.17034413,1.14,0,1,4296.8,6.3000002,1113,50628,4.8458333,0,65,55
AL,1996,.18020047,1.17,0,1,4331.102,5.0999999,1146,51433,5.1149998,0,70,65
AL,1997,.19382431,1.14,0,1,4367.935,5.0999999,1189,53458,5.4983335,0,70,65
AL,1998,.20299086,1.16,0,1,4404.701,4.1999998,1071,55205,5.5291667,0,70,65
AL,1999,.20821047,1.1799999,0,1,4430.141,4.8000002,1138,56165,4.1141667,0,70,65
AL,2000,.20686944,1.1900001,1,0,4452.339,4.5,995,56534,3.7375,0,70,65
AL,2001,.20996657,1.16,1,0,4467.461,5.3000002,994,56769,5.1016665,0,70,65
AL,2002,.2136116,1.1799999,1,0,4480.139,5.9000001,1033,57515,4.6374998,0,70,65
AL,2003,.22034423,1.1799999,1,0,4501.862,5.8000002,1001,58637,5.9041667,0,70,65
AR,1981,.13382,1.0599999,0,0,2293.204,9.1000004,535,16770,3.3491666,0,55,55
AR,1982,.13068697,1.03,0,0,2294.254,9.8000002,548,16630,4.6574998,0,55,55
AR,1983,.1316793,1.03,0,0,2305.766,10.1,557,16684,3.8833334,.54250002,55,55
AR,1984,.13784464,1.02,0,0,2319.767,8.8999996,512,16621,4.3724999,0,55,55
AR,1985,.14084183,1.03,0,0,2327.046,8.6999998,535,17112,3.8824999,0,55,55
AR,1986,.14412583,1.0599999,0,0,2331.988,8.6999998,602,17555,3.6608334,0,55,55
AR,1987,.14704743,1.08,0,0,2342.357,8.1000004,639,18306,4.7800002,0,55,55
AR,1988,.14577387,1.0700001,0,0,2342.655,7.6999998,610,19219,3.7591667,0,65,55
AR,1989,.14397116,1.08,0,0,2346.354,7.1999998,647,20414,4.9141665,0,65,55
AR,1990,.13893443,1.12,0,0,2356.586,7,604,21011,5.5758333,0,65,55
AR,1991,.14200971,1.12,0,0,2383.144,7.4000001,608,21934,4.7941666,0,65,55
AR,1992,.14681733,1.13,0,1,2415.984,7.3000002,588,23081,4.1183333,0,65,55
AR,1993,.15172364,1.1,0,1,2456.303,6.1999998,583,23995,4.0974998,0,65,55
AR,1994,.15447277,1.0599999,0,1,2494.019,5.3000002,610,24948,4.5108333,0,65,55
AR,1995,.15368637,1.08,0,1,2535.399,4.9000001,631,26653,3.4858334,0,65,55
AR,1996,.15348637,1.1,0,1,2572.109,5.4000001,615,27809,4.0866666,0,65,55
AR,1997,.15549913,1.08,0,1,2601.09,5.3000002,660,28076,4.4308333,0,70,55
AR,1998,.165144,1.1,0,1,2626.289,5.5,625,28346,4.0025001,0,70,55
AR,1999,.1756954,1.09,0,1,2651.86,4.5,604,29247,3.5208333,0,70,55
AR,2000,.18044207,1.09,0,1,2678.511,4.4000001,652,29167,3.8599999,.32333335,70,55
AR,2001,.1788061,1.0599999,0,1,2691.581,5,611,29433,4.8733335,0,70,55
AR,2002,.17826603,1.0700001,0,1,2706.606,5.4000001,640,30080,4.2533331,0,70,55
AR,2003,.18189077,1.0599999,0,1,2726.166,6.1999998,627,30639,4.0349998,0,70,55
AZ,1981,.24583019,1.78,0,0,2810.108,6.0999999,916,18570,1.0433333,0,55,55
AZ,1982,.24362963,1.74,0,0,2889.86,9.8999996,724,19729,1.4975001,0,55,55
AZ,1983,.24214317,1.62,0,0,2968.924,9.1000004,675,19611,1.5825,0,55,55
AZ,1984,.23945864,1.5700001,0,0,3067.134,5,869,20613,1.2808334,0,55,55
AZ,1985,.23810157,1.67,0,0,3183.539,6.5,893,21580,1.1866666,0,55,55
AZ,1986,.23412921,1.77,0,0,3308.261,6.9000001,1004,22665,1.2258333,0,55,55
AZ,1987,.23488304,1.67,0,0,3437.103,6.1999998,937,31729,1.1691667,0,55,55
AZ,1988,.22533476,1.64,0,0,3535.183,6.3000002,944,34247,1.0875,0,65,55
AZ,1989,.222063,1.6799999,0,0,3622.184,5.1999998,879,34816,.60500002,0,65,55
AZ,1990,.21656904,1.59,0,0,3684.097,5.5,869,35455,1.2408334,0,65,55
AZ,1991,.22549734,1.58,0,1,3788.576,5.8000002,816,34929,1.1525,0,65,55
AZ,1992,.22622167,1.58,0,1,3915.74,7.5999999,809,35047,1.6641667,0,65,55
AZ,1993,.22252239,1.58,0,1,4065.44,6.3000002,801,37653,1.6316667,0,65,55
AZ,1994,.21712936,1.52,0,1,4245.089,6.4000001,903,38774,1.1175001,0,65,55
AZ,1995,.21779867,1.47,0,1,4432.499,5.0999999,1031,39653,1.11,0,65,55
AZ,1996,.21991853,1.52,0,1,4586.94,5.5,994,42123,.79833335,0,75,55
AZ,1997,.22306231,1.45,0,1,4736.99,4.5999999,951,43491,1.1274999,0,75,55
AZ,1998,.22612797,1.4400001,0,1,4883.342,4.0999999,980,45158,1.3358333,0,75,55
AZ,1999,.23792037,1.47,0,1,5023.823,4.4000001,1024,46924,.93833333,0,75,55
AZ,2000,.25219208,1.48,0,1,5165.993,4,1036,49768,.71333331,0,75,55
AZ,2001,.2643452,1.47,0,1,5295.929,4.6999998,1048,50860,.97666663,0,75,55
AZ,2002,.26651141,1.46,0,1,5438.159,6.1999998,1117,51334,.57333332,0,75,55
AZ,2003,.26623279,1.41,0,1,5577.784,5.5999999,1120,53896,1.0858333,0,75,55
CA,1981,.2529448,1.4299999,0,0,24285.933,7.4000001,5170,159900,2.0675001,0,55,55
CA,1982,.2576313,1.37,0,0,24820.007,9.8999996,4618,169999,2.6725001,0,55,55
CA,1983,.26474074,1.37,0,0,25360.023,9.6999998,4573,182652,3.99,0,55,55
CA,1984,.27019298,1.38,0,0,25844.397,7.8000002,5020,196537,1.5125,0,55,55
CA,1985,.27203968,1.3200001,0,0,26441.107,7.1999998,4961,207600,1.2908334,0,55,55
CA,1986,.27377346,1.36,0,1,27102.238,6.6999998,5253,214913,2.7558334,0,55,55
CA,1987,.27953795,1.36,0,1,27777.16,5.8000002,5504,226301,1.6858333,0,55,55
CA,1988,.27364054,1.34,0,1,28464.25,5.3000002,5390,241575,1.39,0,65,55
CA,1989,.26238069,1.3099999,0,1,29218.165,5.0999999,5412,251482,1.1825,0,65,55
CA,1990,.24681683,1.3200001,0,1,29959.515,5.8000002,5189,258926,1.3050001,0,65,55
CA,1991,.24305207,1.22,0,1,30470.736,7.6999998,4685,257976,1.6633333,0,65,55
CA,1992,.2413215,1.28,0,1,30974.659,9.3000002,4189,262548,2.2391667,0,65,55
CA,1993,.24216677,1.17,1,0,31274.928,9.3999996,4163,266408,2.6266665,0,65,55
CA,1994,.2448619,1.09,1,0,31484.435,8.6000004,4226,271943,1.6883334,0,65,55
CA,1995,.25362018,1.14,1,0,31696.582,7.8000002,4192,276371,2.8975,0,65,55
CA,1996,.26176879,1.11,1,0,32018.834,7.1999998,3989,278043,2.9591668,0,70,65
CA,1997,.27002296,1.12,1,0,32486.01,6.3000002,3688,279096,1.6158333,0,70,65
CA,1998,.2749857,1.1,1,0,32987.675,5.9000001,3494,290630,3.8083334,0,70,65
CA,1999,.27955747,1.1,1,0,33499.204,5.1999998,3559,300066,1.7483333,0,70,65
CA,2000,.28514543,1.0700001,1,0,34002.756,4.9000001,3753,306649,2.1524999,0,70,65
CA,2001,.28968826,1.08,1,0,34526.66,5.4000001,3956,310703,2.1324999,0,70,65
CA,2002,.29549032,1.0700001,1,0,34988.088,6.6999998,4078,320942,1.6274999,0,70,65
CA,2003,.30432019,1.0599999,1,0,35456.602,6.6999998,4215,323592,1.9075,0,70,65
CO,1981,.2902185,1.63,0,0,2977.899,5.5,755,22337,1.24,.15666667,55,55
CO,1982,.29768804,1.64,0,0,3061.562,7.6999998,667,23786,1.3925,.24583332,55,55
CO,1983,.30619434,1.5700001,0,0,3133.634,6.5999999,647,24109,1.5558333,.29749998,55,55
CO,1984,.31140718,1.51,0,0,3169.995,5.5999999,609,24588,1.3183334,.37,55,55
CO,1985,.31102201,1.47,0,0,3208.726,5.9000001,578,26146,1.3675001,.35249999,55,55
CO,1986,.30616096,1.47,0,0,3237.448,7.4000001,603,26382,1.3616667,.056666669,55,55
CO,1987,.30817434,1.4299999,0,0,3260.477,7.6999998,591,26968,1.4208333,.40000001,55,55
CO,1988,.29719636,1.42,0,1,3262.28,6.4000001,497,27665,1.235,.24583332,65,55
CO,1989,.29320192,1.4,0,1,3275.815,5.8000002,528,27577,1.0991666,.29083332,65,55
CO,1990,.29399127,1.35,0,1,3307.618,5,544,27178,1.4025,.245,65,55
CO,1991,.29979843,1.39,0,1,3387.119,5.0999999,543,27744,1.3049999,.3075,65,55
CO,1992,.31130114,1.34,0,1,3495.939,6,522,30808,1.34,.31916666,65,55
CO,1993,.30948213,1.4,0,1,3613.734,5.3000002,559,32718,1.4066666,.50416666,65,55
CO,1994,.32158181,1.36,0,1,3724.168,4.1999998,585,33705,1.1291666,.21499999,65,55
CO,1995,.32103941,1.34,0,1,3826.653,4.1999998,645,35058,1.6075,.098333336,65,55
CO,1996,.3230277,1.36,0,1,3919.972,4.1999998,617,36141,1.3666667,.32083333,75,65
CO,1997,.32870653,1.3,0,1,4018.293,3.3,613,37746,1.5599999,.31416667,75,65
CO,1998,.33843428,1.33,0,1,4116.639,3.8,628,39283,1.2525001,.21166667,75,65
CO,1999,.34893674,1.33,0,1,4226.018,2.9000001,626,40732,1.4841666,.10583333,75,65
CO,2000,.35140094,1.35,0,1,4326.926,2.8,681,41771,1.1233333,.17416666,75,65
CO,2001,.35310233,1.42,0,1,4427.016,3.7,736,42955,1.2516667,.24166666,75,65
CO,2002,.35707805,1.35,0,1,4498.407,5.6999998,742,43545,.75,.11916666,75,65
CO,2003,.35722193,1.34,0,1,4548.071,6,632,43379,1.2524999,.26749998,75,65
CT,1981,.2434292,1.05,0,0,3128.837,6.1999998,515,19366,3.7249999,.49916667,55,55
CT,1982,.26247215,1.04,0,0,3139.014,6.9000001,515,20138,4.0808334,1.0266666,55,55
CT,1983,.27422836,1.1,0,0,3162.355,6,438,20630,5.1383333,1.6575,55,55
CT,1984,.27979577,1.1,0,0,3180.014,4.5999999,469,21076,4.4375,.59166664,55,55
CT,1985,.28420451,1.14,0,0,3201.131,4.9000001,448,22152,3.6633334,.63749999,55,55
CT,1986,.28420594,1.13,1,0,3223.741,3.8,450,24053,3.9475,.97916669,55,55
CT,1987,.28321657,1.15,1,0,3247.29,3.3,449,26775,3.3975,.53916663,55,55
CT,1988,.27806073,1.14,1,0,3271.954,3,484,26062,3.7,1.0599999,55,55
CT,1989,.2781128,1.09,1,0,3283.404,3.7,406,26183,4.415,.70916665,55,55
CT,1990,.27983984,1.09,1,0,3291.967,5.1999998,384,26303,4.3525,0,55,55
CT,1991,.28051454,1.03,1,0,3302.895,6.8000002,310,26628,3.9749999,.24583334,55,55
CT,1992,.28080943,1.01,1,0,3300.712,7.5999999,296,26459,4.1041665,1.085,55,55
CT,1993,.2815578,.95999998,1,0,3309.175,6.3000002,342,27019,3.8,1.1766667,55,55
CT,1994,.29523712,.99000001,1,0,3316.121,5.5999999,310,27139,4.4900002,.99666667,55,55
CT,1995,.30645531,.97000003,1,0,3324.144,5.5,317,28044,3.0525,.67249995,55,55
CT,1996,.31072056,.94,1,0,3336.685,5.6999998,310,28135,4.8183331,1.0658333,55,55
CT,1997,.31010944,.94999999,1,0,3349.348,5.0999999,338,28552,3.5983334,.61916667,55,55
CT,1998,.31939739,.95999998,1,0,3365.352,3.4000001,329,29322,4.0158334,0,55,55
CT,1999,.32986426,.94,1,0,3386.401,3.2,301,29929,4.1275001,1.2325,65,55
CT,2000,.33026752,.94,1,0,3412.263,2.2,342,30756,4.2883334,1.105,65,55
CT,2001,.32734674,.94999999,1,0,3432.463,3.3,312,30844,3.5125,.63499999,65,55
CT,2002,.33295217,.94999999,1,0,3458.382,4.3000002,322,31205,3.7224998,.39916667,65,55
CT,2003,.3459444,.93000001,1,0,3485.881,5.5,294,31432,4.5641665,.90499997,65,55
DE,1981,.2195116,1.51,0,0,595.974,7.9000001,111,4458,3.2483332,.045000002,55,55
DE,1982,.22049543,1.53,0,0,599.148,8.5,122,4591,3.5266666,.33750001,55,55
DE,1983,.22081846,1.53,0,0,605.4589999999999,8.1000004,110,4886,4.5974998,0,55,55
DE,1984,.21909297,1.51,0,0,611.5650000000001,6.1999998,130,5138,3.7825,.23833333,55,55
DE,1985,.21582234,1.46,0,0,618.279,5.3000002,104,5365,3.5008333,.22750001,55,55
DE,1986,.2175975,1.45,0,0,627.559,4.3000002,136,5762,3.2049999,0,55,55
DE,1987,.22468333,1.4400001,0,0,636.946,3.2,146,6086,3.0208333,.27000001,55,55
DE,1988,.22281533,1.4400001,0,0,647.621,3.2,160,6404,3.4175,.28333333,55,55
DE,1989,.21465456,1.4,0,0,658.274,3.5,116,6446,4.8466668,.12083334,55,55
DE,1990,.20632714,1.4400001,0,0,669.567,5.1999998,138,6548,3.7008333,0,55,55
DE,1991,.21356687,1.4,0,0,683.08,6.3000002,102,6721,3.5133333,0,55,55
DE,1992,.225365,1.4,0,1,694.925,5.3000002,140,6892,3.5483334,0,55,55
DE,1993,.2326024,1.46,0,1,706.378,5.3000002,111,6895,3.8,0,55,55
DE,1994,.23455676,1.4299999,0,1,717.545,4.9000001,112,7025,4.4766665,.41916668,55,55
DE,1995,.24320643,1.3,0,1,729.734,4.3000002,121,7515,3.0008333,0,55,55
DE,1996,.25394484,1.39,0,1,740.977,5.1999998,116,7666,4.835,0,65,55
DE,1997,.26017272,1.37,0,1,751.487,4,143,8008,3.5541668,0,65,55
DE,1998,.26024851,1.36,0,1,763.335,3.8,115,8204,3.7458334,0,65,55
DE,1999,.26270494,1.4,0,1,774.99,3.5,100,8483,3.8083334,0,65,55
DE,2000,.26906922,1.36,0,1,786.441,3.9000001,123,8240,4.2091665,.25166667,65,55
DE,2001,.27744064,1.38,0,1,795.417,3.4000001,136,8615,3.5250001,0,65,55
DE,2002,.2812725,1.39,0,1,805.7670000000001,4.1999998,124,8875,3.5458333,0,65,55
DE,2003,.27947146,1.37,1,0,817.827,4.4000001,142,9044,5.1808333,1.27,65,55
FL,1981,.1714974,1.55,0,0,10192.775,6.8000002,3044,76145,3.9725001,0,55,55
FL,1982,.17898344,1.5599999,0,0,10471.405,8.1999998,2510,79498,5.2308331,0,55,55
FL,1983,.18711311,1.5599999,0,0,10749.849,8.6000004,2683,81776,5.7833333,0,55,55
FL,1984,.19513293,1.48,0,0,11039.925,6.3000002,2859,85475,4.3924999,0,55,55
FL,1985,.20500274,1.47,0,0,11351.12,6,2830,88056,4.2016668,0,55,55
FL,1986,.21240577,1.5,0,0,11667.503,5.6999998,2831,87273,4.4816666,0,55,55
FL,1987,.21889296,1.51,0,1,11997.282,5.3000002,2838,93639,4.6933331,0,55,55
FL,1988,.21179056,1.51,0,1,12306.4,5,3078,105319,4.7125001,0,65,55
FL,1989,.20398806,1.51,0,1,12637.718,5.5999999,2982,108877,4.0066667,0,65,55
FL,1990,.19673944,1.54,0,1,13033.307,6,2892,109997,3.635,0,65,55
FL,1991,.2005623,1.4299999,0,1,13369.798,7.4000001,2464,113319,5.2108331,0,65,55
FL,1992,.205819,1.45,0,1,13650.553,8.3000002,2427,119868,4.8841667,0,65,55
FL,1993,.21125773,1.4400001,0,1,13927.185,7,2635,120467,4.0133333,0,65,55
FL,1994,.21455596,1.4,0,1,14239.444,6.5999999,2687,121989,5.2150002,0,65,55
FL,1995,.21472853,1.34,0,1,14537.875,5.5,2805,127809,4.6491666,0,65,55
FL,1996,.2168671,1.36,0,1,14853.36,5.0999999,2753,130004,4.3008332,0,70,65
FL,1997,.22353964,1.34,0,1,15186.304,4.8000002,2782,134027,5.0883331,0,70,65
FL,1998,.23204416,1.3,0,1,15486.559,4.3000002,2825,137543,5.3983335,0,70,65
FL,1999,.23744769,1.33,0,1,15759.421,3.9000001,2920,141982,3.9508333,0,70,65
FL,2000,.24270606,1.3200001,0,1,16048.887,3.5999999,2999,152136,3.5316665,0,70,65
FL,2001,.252832,1.33,0,1,16350.565,4.8000002,3011,155664,4.3758335,0,70,65
FL,2002,.26049715,1.3200001,0,1,16677.86,5.5,3132,178367,4.8858333,0,70,65
FL,2003,.26547402,1.3200001,0,1,16993.369,5.0999999,3169,185511,5.1791668,0,70,65
GA,1981,.2048098,1.1,0,0,5568.346,6.4000001,1418,44843,3.7375,0,55,55
GA,1982,.2004461,1.12,0,0,5649.788,7.8000002,1229,48731,4.6758332,0,55,55
GA,1983,.19539766,1.14,0,0,5728.248,7.5,1293,48837,5.0283332,0,55,55
GA,1984,.19234593,1.1799999,0,0,5834.943,6,1411,50486,4.1925001,0,55,55
GA,1985,.18981026,1.17,0,0,5962.639,6.5,1361,53713,3.9566667,0,55,55
GA,1986,.19388403,1.22,0,0,6084.645,5.9000001,1530,56833,3.6675,0,55,55
GA,1987,.20000084,1.22,0,0,6208.479,5.5,1599,60293,4.2116666,0,55,55
GA,1988,.20081881,1.22,0,0,6316.139,5.8000002,1653,62262,3.7691667,0,65,55
GA,1989,.20452504,1.1799999,0,1,6411.117,5.5,1632,68069,4.5833335,0,65,55
GA,1990,.20652437,1.22,0,1,6512.602,5.5,1562,70222,3.6158333,0,65,55
GA,1991,.2126769,1.16,0,1,6653.005,5,1389,73005,4.9291668,0,65,55
GA,1992,.2120733,1.22,0,1,6817.203,7,1316,77904,5.1283336,0,65,55
GA,1993,.218107,1.23,0,1,6978.24,5.8000002,1394,78426,3.7941668,0,65,55
GA,1994,.22281083,1.17,0,1,7157.165,5.1999998,1426,82822,4.8558335,0,65,55
GA,1995,.22778733,1.2,0,1,7328.413,4.9000001,1488,85384,4.2449999,0,65,55
GA,1996,.22734366,1.22,1,0,7501.069,4.5999999,1573,89132,4.0466666,0,65,55
GA,1997,.22642531,1.1900001,1,0,7685.099,4.5,1577,93530,4.8099999,0,70,65
GA,1998,.22538197,1.21,1,0,7863.536,4.1999998,1568,96433,4.8966665,0,70,65
GA,1999,.2235166,1.23,1,0,8045.965,4,1508,99304,3.4108334,0,70,65
GA,2000,.23111737,1.22,1,0,8230.155000000001,3.7,1541,105010,3.5875001,0,70,65
GA,2001,.2370051,1.1900001,1,0,8415.6,4,1615,107897,3.6524999,0,70,65
GA,2002,.24367277,1.2,1,0,8581.731,5.0999999,1523,108321,4.0475001,0,70,65
GA,2003,.25113848,1.1900001,1,0,8746.849,4.6999998,1603,109246,5.0158334,0,70,65
IA,1981,.17880049,1.4400001,0,0,2907.985,6.9000001,612,19113,2.6016667,.33583334,55,55
IA,1982,.18208976,1.39,0,0,2888.19,8.5,480,19341,3.2441666,.50749999,55,55
IA,1983,.18741153,1.38,0,0,2870.547,8.1000004,510,19661,2.8708334,.35416669,55,55
IA,1984,.18910129,1.36,0,0,2858.615,7,420,20497,2.7425001,.53583336,55,55
IA,1985,.18830033,1.3099999,0,0,2829.684,8,474,20191,2.4608333,.54666668,55,55
IA,1986,.18501803,1.3200001,1,0,2791.969,7,441,20413,3.1508334,.39916664,55,55
IA,1987,.185093,1.3,1,0,2767.006,5.5,491,20808,2.7358334,.18416667,55,55
IA,1988,.18042253,1.28,1,0,2768.393,4.5,557,21907,1.7925,.21583334,65,55
IA,1989,.17838123,1.26,1,0,2770.59,4.3000002,514,22571,1.9466666,.20416667,65,55
IA,1990,.17871167,1.34,1,0,2781.018,4.3000002,465,22993,3.1816666,.33583334,65,55
IA,1991,.18338333,1.3200001,1,0,2797.613,4.5999999,488,23020,2.9466667,.60666668,65,55
IA,1992,.19219109,1.3099999,1,0,2818.401,4.6999998,437,23926,3.0125,.46166667,65,55
IA,1993,.1983351,1.28,1,0,2836.972,4,459,25118,4.0083332,.59416664,65,55
IA,1994,.2043947,1.3,1,0,2850.746,3.7,478,25737,2.4466667,.405,65,55
IA,1995,.2080746,1.26,1,0,2867.373,3.5,527,25987,2.5708334,.3075,65,55
IA,1996,.2133487,1.28,1,0,2880,3.8,465,26880,2.6175001,.61916667,65,55
IA,1997,.21697207,1.28,1,0,2891.119,3.3,468,27984,2.3483334,.47416666,65,55
IA,1998,.21640283,1.3099999,1,0,2902.872,2.8,449,28911,3.095,.12916666,65,55
IA,1999,.22053429,1.34,1,0,2917.634,2.5,490,29140,2.7550001,.17083333,65,55
IA,2000,.22889264,1.35,1,0,2928.46,2.5999999,445,29433,2.4683332,.20083334,65,55
IA,2001,.23843417,1.36,1,0,2931.272,3.3,447,30016,2.8933334,.67750001,65,55
IA,2002,.24585497,1.37,1,0,2934.34,4,404,30847,2.2483335,.30250001,65,55
IA,2003,.2491349,1.37,1,0,2941.362,4.5,441,31108,2.4208333,.29833332,65,55
ID,1981,.1897243,1.54,0,0,962.204,7.5999999,293,6977,1.6850001,.65500003,55,55
ID,1982,.1873191,1.47,0,0,973.7190000000001,9.8000002,255,7857,2.0474999,1.0658333,55,55
ID,1983,.19695157,1.4400001,0,0,981.866,9.8000002,263,8287,2.1166666,.75749999,55,55
ID,1984,.2060117,1.4,0,0,990.841,7.1999998,242,7768,1.705,.50666666,55,55
ID,1985,.21152696,1.35,0,0,994.052,7.9000001,255,7710,1.2791667,.63749999,55,55
ID,1986,.2048209,1.34,0,0,990.222,8.6999998,258,7781,1.855,.19333333,55,55
ID,1987,.19904837,1.3099999,0,1,984.997,8,262,8119,1.325,.49083334,55,55
ID,1988,.18532573,1.25,0,1,985.6609999999999,5.8000002,257,8127,1.3491666,.39750001,65,55
ID,1989,.17959377,1.23,0,1,994.422,5.0999999,238,8422,1.325,.41583332,65,55
ID,1990,.17803811,1.36,0,1,1012.384,5.9000001,244,9849,1.4916667,.55333334,65,55
ID,1991,.18273737,1.3099999,0,1,1041.316,6.1999998,264,10318,1.4041667,.42250001,65,55
ID,1992,.18868317,1.3200001,0,1,1071.685,6.5,243,10764,1.1933333,.40416667,65,55
ID,1993,.19790357,1.26,0,1,1108.768,6.1999998,227,11481,1.6341667,.55583334,65,55
ID,1994,.20352054,1.24,0,1,1145.14,5.5999999,249,11652,1.3116667,.80250001,65,55
ID,1995,.20723653,1.15,0,1,1177.322,5.4000001,262,12296,1.9925001,.45333335,65,55
ID,1996,.20740503,1.1799999,0,1,1203.083,5.1999998,258,12961,2.1383333,1.1316667,75,75
ID,1997,.21486233,1.14,0,1,1228.52,5.3000002,259,12880,1.6375,.57749999,75,75
ID,1998,.21562086,1.15,0,1,1252.33,5,265,13428,2.0008333,.69999999,75,75
ID,1999,.21568866,1.17,0,1,1275.674,5.1999998,278,13975,1.6408334,.91833335,75,75
ID,2000,.21509176,1.16,0,1,1299.68,4.9000001,276,13534,1.36,.40166667,75,75
ID,2001,.21701556,1.14,0,1,1321.162,5,259,14078,1.1291667,.43333334,75,75
ID,2002,.2205926,1.16,0,1,1343.973,5.8000002,264,14167,1.21,.63916671,75,75
ID,2003,.22654536,1.14,0,1,1368.111,5.4000001,293,14290,1.5183333,.63249999,75,75
IL,1981,.20871539,1.4299999,0,0,11443.461,8.5,1818,65836,3.47,.55416667,55,55
IL,1982,.21597584,1.41,0,0,11423.413,11.3,1652,65835,3.7891667,.57416666,55,55
IL,1983,.22201833,1.42,0,0,11408.817,11.4,1526,67370,3.1675,.34999999,55,55
IL,1984,.22558664,1.4,0,0,11412.128,9.1000004,1572,69910,3.24,.064166665,55,55
IL,1985,.22816117,1.38,0,0,11399.803,9,1535,70844,3.7849998,.91750002,55,55
IL,1986,.2319454,1.4,0,1,11387.256,8.1000004,1596,74144,2.9341667,.62416667,55,55
IL,1987,.23557673,1.41,0,1,11391.176,7.4000001,1660,75756,2.8483334,.13166668,55,55
IL,1988,.23265724,1.42,0,1,11390.186,6.8000002,1837,78483,2.4216666,.70083332,65,55
IL,1989,.22856884,1.38,0,1,11409.782,6,1748,81297,2.7625,.42666665,65,55
IL,1990,.22929104,1.4299999,0,1,11453.316,6.1999998,1589,83334,4.1849999,.45500001,65,55
IL,1991,.23436099,1.38,0,1,11568.964,7.1999998,1448,85430,2.615,.14,65,55
IL,1992,.23437397,1.34,0,1,11694.184,7.5999999,1384,87642,2.9708333,.33000001,65,55
IL,1993,.23309003,1.3200001,0,1,11809.579,7.5,1392,89693,4.2150002,.62583333,65,55
IL,1994,.23660007,1.3200001,0,1,11912.585,5.6999998,1554,92316,2.9283333,.46000001,65,55
IL,1995,.24481617,1.3,0,1,12008.437,5.1999998,1586,94189,3.0833333,.55916667,65,55
IL,1996,.2510663,1.27,0,1,12101.997,5.3000002,1477,96385,3.1083333,.48250002,65,55
IL,1997,.25503972,1.26,0,1,12185.715,4.6999998,1395,99319,3.0866666,.37333333,65,55
IL,1998,.2590085,1.28,0,1,12271.847,4.5,1393,101273,3.5825,.22833334,65,55
IL,1999,.26280609,1.29,0,1,12359.02,4.3000002,1456,102397,2.9966667,.35333332,65,55
IL,2000,.26407471,1.28,0,1,12439.738,4.3000002,1418,102866,3.3683333,.30583334,65,55
IL,2001,.26922718,1.27,0,1,12518.506,5.4000001,1414,103038,3.1175001,.68916667,65,55
IL,2002,.27604586,1.27,0,1,12586.839,6.5,1411,105401,3.1866667,.18833333,65,55
IL,2003,.28218803,1.25,0,1,12649.94,6.6999998,1453,106536,3.1900001,.37916666,65,55
IN,1981,.1343759,1.29,0,0,5480.44,10.1,1130,38882,3.4875,.70499998,55,55
IN,1982,.1427155,1.29,0,0,5467.918,11.9,955,39203,3.8341668,.79166669,55,55
IN,1983,.151214,1.27,0,0,5450.396,11.1,1014,39837,3.01,.40083334,55,55
IN,1984,.16311617,1.26,0,0,5458.322,8.6000004,925,41074,3.22,.074999996,55,55
IN,1985,.16871433,1.25,0,0,5459.214,7.9000001,974,40782,3.7991667,.97833335,55,55
IN,1986,.1683155,1.25,0,0,5454.103,6.6999998,1038,40780,3.2,.58583337,55,55
IN,1987,.162165,1.24,0,0,5473.023,6.4000001,1055,44122,2.8591666,.13583334,55,55
IN,1988,.15696333,1.23,0,1,5491.733,5.3000002,1101,51124,2.865,.8725,65,55
IN,1989,.15238214,1.21,0,1,5523.679,4.6999998,971,56192,3.7333333,.58166665,65,55
IN,1990,.14930287,1.26,0,1,5557.798,5.3000002,1050,53697,4.5533333,0,65,55
IN,1991,.15053374,1.22,0,1,5616.388,6,1022,54266,2.7708333,.17,65,55
IN,1992,.15423027,1.16,0,1,5674.547,6.5999999,901,57072,3.3666666,.12916666,65,55
IN,1993,.16040669,1.15,0,1,5739.019,5.4000001,889,60461,3.9716666,.83749998,65,55
IN,1994,.16532847,1.15,0,1,5793.526,4.9000001,974,61136,3.0050001,.47,65,55
IN,1995,.1697583,1.12,0,1,5851.459,4.6999998,960,64552,3.1091666,.63166666,65,55
IN,1996,.17637327,1.13,0,1,5906.013,4.0999999,984,66220,3.9883332,.48499998,65,55
IN,1997,.185395,1.12,0,1,5955.267,3.5,935,68633,3.4958334,.26166669,65,55
IN,1998,.19699743,1.14,1,0,5998.88,3.0999999,982,69129,3.6291666,0,65,55
IN,1999,.2031648,1.16,1,0,6044.969,3,1020,70040,3.085,.41249999,65,55
IN,2000,.207101,1.16,1,0,6091.955,3.2,875,70862,3.7349999,.48166665,65,55
IN,2001,.21393983,1.15,1,0,6125.677,4.4000001,909,71624,3.3116667,.090000004,65,55
IN,2002,.2175498,1.13,1,0,6154.739,5.0999999,792,72523,3.4991667,.23333333,65,55
IN,2003,.21820579,1.11,1,0,6196.269,5.0999999,834,72511,3.9516666,.59249997,65,55
KS,1981,.20732281,1.23,0,0,2384.853,4.1999998,578,17470,2.335,0,55,55
KS,1982,.21407697,1.22,0,0,2401.207,6.3000002,498,17658,2.3391666,.21250001,55,55
KS,1983,.22304544,1.2,0,0,2415.529,6.0999999,411,18153,2.0699999,.125,55,55
KS,1984,.23102634,1.1799999,0,0,2424.088,5.1999998,510,18717,2.1933334,.035,55,55
KS,1985,.2351079,1.17,0,0,2427.401,5,486,19275,2.6783333,.41500002,55,55
KS,1986,.235532,1.12,0,0,2432.614,5.4000001,500,19821,2.3791666,0,55,55
KS,1987,.24105674,1.12,0,1,2445.367,4.9000001,491,20561,2.7583334,.069166668,55,55
KS,1988,.23931757,1.11,0,1,2461.995,4.8000002,483,21161,1.6541667,.07,65,55
KS,1989,.23907964,1.1,0,1,2472.838,4,428,21913,2.1308334,.10583334,65,55
KS,1990,.23197301,1.13,0,1,2481.349,4.5,444,22849,2.4166667,.050833333,65,55
KS,1991,.23643093,1.15,0,1,2498.722,4.5,409,23186,1.8625,.044166666,65,55
KS,1992,.23880184,1.09,0,1,2532.394,4.3000002,387,24163,2.7425001,.14999999,65,55
KS,1993,.23953196,1.09,0,1,2556.547,5,428,24115,3.2933333,.44416666,65,55
KS,1994,.24351507,1.12,0,1,2580.513,5.3000002,442,24678,1.9825,.18083332,65,55
KS,1995,.24877714,1.08,0,1,2601.007,4.4000001,442,25153,2.4825001,.078333333,65,55
KS,1996,.26055077,1.05,0,1,2614.554,4.5,490,25942,2.4983335,.054166667,70,70
KS,1997,.26328534,1.09,0,1,2635.292,3.8,481,26524,2.4608333,.02,70,70
KS,1998,.2637243,1.09,0,1,2660.598,3.8,492,27095,2.4416666,0,70,70
KS,1999,.26348916,1.14,0,1,2678.338,3,540,27699,2.5408332,.10666666,70,70
KS,2000,.27307823,1.15,0,1,2692.671,3.7,461,28130,1.9075,.039166667,70,70
KS,2001,.28352961,1.12,0,1,2700.879,4.3000002,494,28155,2.4716666,.53583336,70,70
KS,2002,.29368064,1.1900001,0,1,2712.454,5.0999999,512,28443,1.5491667,0,70,70
KS,2003,.29590601,1.15,0,1,2724.224,5.4000001,471,28672,2.1533334,.215,70,70
KY,1981,.1458333,1.13,0,0,3670.395,8.3999996,812,25195,3.8441668,.076666668,55,55
KY,1982,.15961486,1.14,0,0,3683.449,10.6,822,25627,4.3899999,.49666667,55,55
KY,1983,.16588727,1.13,0,0,3694.469,11.7,778,26719,3.7066667,.37583336,55,55
KY,1984,.1651417,1.05,0,0,3695.459,9.3000002,754,27951,4.3183331,.12083334,55,55
KY,1985,.16259064,1.0700001,0,0,3694.816,9.5,712,28520,3.5650001,.35916665,55,55
KY,1986,.1603317,1.09,0,0,3687.805,9.3000002,805,29252,3.7241666,0,55,55
KY,1987,.15766667,1.03,0,0,3683.33,8.8000002,844,30320,3.4366667,0,55,55
KY,1988,.15497699,1.08,0,0,3680.002,7.9000001,838,31614,3.79,.29416665,65,55
KY,1989,.1533128,1.08,0,0,3677.318,6.1999998,772,32165,5.4200001,.1825,65,55
KY,1990,.15060334,1.12,0,0,3694.048,5.9000001,846,33639,4.8783331,0,65,55
KY,1991,.15184116,1.11,0,0,3722.328,7.5,826,35213,4.0591669,0,65,55
KY,1992,.15340257,1.04,0,0,3765.469,6.9000001,815,38062,3.655,0,65,55
KY,1993,.15547881,1.08,0,0,3812.206,6.1999998,871,39598,3.9208333,0,65,55
KY,1994,.16289823,1.08,0,0,3849.088,5.4000001,778,39822,4.3175001,.41583332,65,55
KY,1995,.17060407,1.05,0,1,3887.427,5.4000001,849,41095,3.8833332,0,65,55
KY,1996,.18068203,1.05,0,1,3919.535,5.5999999,842,42586,4.7116666,0,65,55
KY,1997,.18749087,1.0599999,0,1,3952.747,5.4000001,857,43520,4.2366667,0,65,55
KY,1998,.1930761,1.0700001,0,1,3985.39,4.5999999,858,44895,4.1641665,0,65,55
KY,1999,.19891997,1.0700001,0,1,4018.053,4.5,814,46445,3.1800001,0,65,55
KY,2000,.20521557,1.0700001,0,1,4049.005,4.0999999,820,46803,4.0858335,.32666668,65,55
KY,2001,.20907924,1.04,0,1,4066.908,5.4000001,845,46258,3.7783334,.18416667,65,55
KY,2002,.20626554,1.08,0,1,4088.51,5.5999999,915,46841,4.2075,0,65,55
KY,2003,.20303217,1.03,0,1,4116.78,6.1999998,928,46748,4.9683332,.1525,65,55
LA,1981,.174257,1.48,0,0,4283.297,8.3999996,1206,24960,3.8425,0,55,55
LA,1982,.18353023,1.49,0,0,4352.609,10.3,1091,26902,5.5149999,0,55,55
LA,1983,.18477097,1.4299999,0,0,4395.311,11.8,933,27573,6.2333331,0,55,55
LA,1984,.1866366,1.4,0,0,4400.474,10,893,31588,4.6133332,0,55,55
LA,1985,.18436959,1.35,0,0,4408.113,11.5,931,33365,4.5533333,0,55,55
LA,1986,.18966256,1.39,0,0,4406.922,13.1,932,29861,4.2024999,0,55,55
LA,1987,.19582351,1.36,0,1,4344.151,12,827,30599,5.5508332,0,55,55
LA,1988,.19500344,1.4400001,0,1,4288.859,10.9,925,34682,4.9866667,0,65,55
LA,1989,.19028953,1.4299999,0,1,4252.896,7.9000001,874,35613,5.4641666,0,65,55
LA,1990,.1814509,1.53,0,1,4221.532,6.3000002,956,37963,5.2541666,0,65,55
LA,1991,.1820707,1.52,0,1,4253.279,7.1999998,856,34710,6.8258333,0,65,55
LA,1992,.1856606,1.55,0,1,4293.003,8.1999998,883,33855,5.8425002,0,65,55
LA,1993,.18437007,1.53,0,1,4316.428,7.5,879,36351,4.7750001,0,65,55
LA,1994,.1845029,1.45,0,1,4347.481,8,838,37430,4.5833335,0,65,55
LA,1995,.1817147,1.55,0,1,4378.779,6.9000001,883,38647,5.2341666,0,65,55
LA,1996,.18338627,1.5,1,0,4398.877,6.6999998,902,38095,4.2191668,0,65,55
LA,1997,.18552974,1.5,1,0,4421.071,6.0999999,913,38099,5.7841668,0,65,55
LA,1998,.19272196,1.5,1,0,4440.344,5.6999998,926,40261,5.5658331,0,70,70
LA,1999,.20306087,1.54,1,0,4460.811,5.0999999,938,41149,3.8683333,0,70,70
LA,2000,.21102007,1.5,1,0,4469.495,5.5,937,40849,4.0091667,0,70,70
LA,2001,.2164502,1.49,1,0,4465.258,5.9000001,954,41177,5.605,0,70,70
LA,2002,.21544486,1.33,1,0,4475.003,6.0999999,875,43295,4.7658334,0,70,70
LA,2003,.2167273,1.42,1,0,4490.38,6.5999999,894,44156,4.7666664,0,70,70
MA,1981,.226695,1.4400001,0,0,5768.685,6.4000001,746,35948,3.7649999,.56833333,55,55
MA,1982,.23624186,1.35,0,0,5771.222,7.9000001,655,36666,3.8608334,.94250005,55,55
MA,1983,.24858271,1.36,0,0,5799.405,6.9000001,651,37541,5.0225,1.6866667,55,55
MA,1984,.26298454,1.3,0,0,5840.774,4.8000002,666,38537,4.4383335,.69083333,55,55
MA,1985,.27812928,1.3,0,0,5880.734,3.9000001,740,39696,3.3916667,.61500001,55,55
MA,1986,.29038963,1.3099999,0,0,5902.677,3.8,749,40745,4.0883331,1.4983333,55,55
MA,1987,.3005738,1.29,0,0,5935.205,3.2,689,42305,3.5816667,.80333334,55,55
MA,1988,.30116495,1.29,0,0,5979.983,3.3,725,43334,3.5991666,1.0241667,55,55
MA,1989,.29922,1.26,0,0,6015.478,4,700,46214,3.8366666,.65083331,55,55
MA,1990,.29189917,1.22,0,0,6022.639,6,605,46177,4.0066667,.64166665,55,55
MA,1991,.29186475,1.1900001,0,0,6018.47,9.1000004,552,46537,3.8441668,.85916668,55,55
MA,1992,.29368657,1.12,0,0,6028.709,8.6000004,485,47348,3.7583334,1.1324999,65,55
MA,1993,.2979314,1.14,0,0,6060.569,6.9000001,475,46684,3.7224998,1.8683333,65,55
MA,1994,.30625588,1.14,0,1,6095.241,6,440,46990,4.1658335,.87833333,65,55
MA,1995,.30936486,1.13,0,1,6141.445,5.4000001,444,48053,2.9916668,1.015,65,55
MA,1996,.3121022,1.11,0,1,6179.756,4.3000002,417,49956,4.7066665,1.1225001,65,65
MA,1997,.31240866,1.13,0,1,6226.058,4,442,50468,3.4100001,.56333333,65,65
MA,1998,.31701475,1.14,0,1,6271.838,3.3,406,51829,4.2824998,.48666668,65,65
MA,1999,.32514527,1.09,0,1,6317.345,3.2,414,51820,3.7875001,1.1883334,65,65
MA,2000,.33141303,1.16,0,1,6362.132,2.5999999,433,52796,4.3033333,1.2391667,65,65
MA,2001,.34030503,1.12,0,1,6394.75,3.7,477,53015,3.6008334,.67750001,65,65
MA,2002,.35155547,1.13,0,1,6411.568,5.3000002,459,53266,3.8483334,.4725,65,65
MA,2003,.3629505,1.1,0,1,6417.565,5.8000002,462,53709,4.3125,1.4683334,65,65
MD,1981,.2538155,1.39,0,0,4261.905,7.3000002,781,28617,3.1791666,.044166666,55,55
MD,1982,.27000579,1.27,0,0,4282.923,8.3999996,640,28920,3.4649999,.29666665,55,55
MD,1983,.28291154,1.34,0,0,4313.329,6.9000001,656,30618,4.1866665,0,55,55
MD,1984,.28355047,1.3099999,0,0,4365.246,5.4000001,643,31702,3.9166665,.17833334,55,55
MD,1985,.27534604,1.3099999,0,0,4413.072,4.5999999,727,33337,3.4324999,.2,55,55
MD,1986,.27172151,1.29,0,0,4486.956,4.5,784,35208,3.1600001,0,55,55
MD,1987,.27827641,1.29,0,1,4565.558,4.1999998,814,36493,3.2,.44749999,55,55
MD,1988,.27570322,1.26,0,1,4657.903,4.5,782,37498,3.2858334,.255,55,55
MD,1989,.26699173,1.22,0,1,4727.303,3.7,726,38922,4.2125001,.13833334,55,55
MD,1990,.25760666,1.22,0,1,4799.77,4.6999998,682,40536,3.6983333,0,55,55
MD,1991,.25939608,1.15,0,1,4867.641,6,694,41349,2.9075,0,55,55
MD,1992,.26256678,1.11,0,1,4923.368,6.6999998,659,41896,3.6308334,0,55,55
MD,1993,.26865056,1.1,0,1,4971.889,6.1999998,665,43311,3.8308332,.45000002,55,55
MD,1994,.28566152,1.09,0,1,5023.06,5.0999999,651,44165,4.2308335,.37750003,55,55
MD,1995,.31037286,1.0599999,0,1,5070.033,5.0999999,671,44882,2.97,.54166669,55,55
MD,1996,.32563338,1.05,0,1,5111.986,4.9000001,608,46033,4.8041668,.47083333,65,55
MD,1997,.33350584,1.05,0,1,5157.328,5.0999999,608,46812,3.2016666,0,65,65
MD,1998,.33691439,1.05,1,0,5204.464,4.5999999,606,48343,3.8625,0,65,65
MD,1999,.33468324,1.04,1,0,5254.509,3.5,590,49126,3.6716666,0,65,65
MD,2000,.33817747,1.04,1,0,5311.543,3.8,588,50174,3.8216667,.23333333,65,65
MD,2001,.34016603,1.0599999,1,0,5379.591,4,660,51996,3.2208333,.26583335,65,65
MD,2002,.34862253,1.05,1,0,5442.268,4.4000001,659,53702,3.0108333,0,65,65
MD,2003,.35082853,1.02,1,0,5512.477,4.5,649,54701,5.4033332,1.2641666,65,65
ME,1981,.159005,1.24,0,0,1133.033,7.1999998,219,7587,3.575,1.2225,55,55
ME,1982,.17377834,1.3,0,0,1136.683,8.6000004,168,7649,3.1366668,1.1208334,55,55
ME,1983,.18731463,1.3200001,0,0,1144.772,9,224,7924,4.500833,1.665,55,55
ME,1984,.20048124,1.25,0,0,1155.634,6.0999999,227,9345,3.6600001,1.4758333,55,55
ME,1985,.203366,1.29,0,0,1162.935,5.4000001,206,9277,2.8058333,.89999998,55,55
ME,1986,.2053958,1.28,0,0,1170.126,5.3000002,212,10022,3.3541667,1.4924999,55,55
ME,1987,.21019673,1.26,0,0,1184.577,4.4000001,232,10766,2.7783334,1.0658333,55,55
ME,1988,.2113637,1.28,0,0,1203.84,3.8,255,11401,3.0208333,.875,65,55
ME,1989,.20809214,1.25,0,0,1219.961,4.0999999,193,11739,3.2666667,1.2241666,65,55
ME,1990,.202161,1.21,0,0,1231.719,5.1999998,213,11871,3.635,1.2825,65,55
ME,1991,.20210616,1.1799999,0,0,1237.081,7.5999999,204,11849,3.3199999,1.0450001,65,55
ME,1992,.20028377,1.16,0,0,1238.508,7.1999998,214,12151,2.9391665,1.4449999,65,55
ME,1993,.19523726,1.15,0,0,1242.302,7.9000001,185,12182,3.4666667,1.3916667,65,55
ME,1994,.1946286,1.13,0,0,1242.662,7.4000001,188,12469,3.3633335,1.1591667,65,55
ME,1995,.1977051,1.17,0,0,1243.48,5.6999998,187,12589,3.1033332,1.7641667,65,55
ME,1996,.20513916,1.17,0,1,1249.06,5.0999999,169,12819,4.0958333,1.8066666,65,65
ME,1997,.20640026,1.15,0,1,1254.774,5.4000001,192,13245,3.3025,1.5566666,65,65
ME,1998,.21139227,1.14,0,1,1259.127,4.4000001,192,13540,3.5916667,1.4641666,65,65
ME,1999,.2143825,1.16,0,1,1266.808,4.0999999,181,14144,3.5799999,1.495,65,65
ME,2000,.2231207,1.17,0,1,1277.397,3.5,169,14190,3.5325,1.4491667,65,65
ME,2001,.23378497,1.2,0,1,1286.35,3.9000001,192,14433,2.5450001,1.0775,65,65
ME,2002,.24281034,1.23,0,1,1296.978,4.4000001,216,14727,3.3700001,1.6208333,65,65
ME,2003,.24449334,1.24,0,1,1308.245,5.0999999,207,14912,3.3258333,1.3441666,65,65
MI,1981,.1718933,1.34,0,0,9209.287,12.3,1564,62090,2.5516667,.60583329,55,55
MI,1982,.17809747,1.35,0,0,9115.196,15.5,1417,61200,2.7458334,.87583333,55,55
MI,1983,.17776623,1.35,0,0,9047.763999999999,14.2,1314,60855,2.7166667,.50749999,55,55
MI,1984,.17723297,1.3200001,0,0,9049.454,11.2,1525,63470,2.5025001,.75,55,55
MI,1985,.181227,1.3,0,0,9076.287,9.8999996,1543,67402,3.2308333,.82499999,55,55
MI,1986,.19195274,1.33,0,1,9127.773999999999,8.8000002,1594,71981,2.7833333,.51083332,55,55
MI,1987,.1978621,1.3200001,0,1,9187.484,8.1999998,1597,75706,2.3499999,.43416667,55,55
MI,1988,.19315846,1.3099999,0,1,9218.002,7.5999999,1704,77899,2.4525001,.69083333,65,55
MI,1989,.18541127,1.29,0,1,9253.298000000001,7.0999999,1631,79890,2.21,.58166665,65,55
MI,1990,.1780964,1.33,0,1,9311.319,7.5999999,1566,81091,2.8041666,.70749998,65,55
MI,1991,.1782677,1.3,0,1,9400.446,9.3000002,1408,81935,2.5708334,.40666667,65,55
MI,1992,.18256894,1.26,0,1,9479.065000000001,8.8999996,1298,84219,2.6600001,.72166669,65,55
MI,1993,.19112536,1.25,0,1,9540.114,7.0999999,1408,85686,2.5525,.55083334,65,55
MI,1994,.20300969,1.23,0,1,9597.736999999999,5.9000001,1419,85183,2.5983334,.58750004,65,55
MI,1995,.20810813,1.2,0,1,9676.210999999999,5.3000002,1530,85703,2.4683332,.82666665,65,55
MI,1996,.21171223,1.2,0,1,9758.645,4.9000001,1505,90215,2.7691667,1.0491667,65,55
MI,1997,.2153556,1.17,0,1,9809.050999999999,4.1999998,1446,91494,2.5899999,1.0166667,70,65
MI,1998,.22325803,1.2,0,1,9847.941999999999,3.9000001,1366,93723,2.3516667,.39583334,70,65
MI,1999,.23251227,1.1900001,0,1,9897.116,3.8,1382,95645,2.5958333,.79500002,70,65
MI,2000,.23950677,1.1900001,1,0,9956.111000000001,3.5,1382,97792,2.7375,.59916663,70,65
MI,2001,.24140063,1.1900001,1,0,10002.663,5.3000002,1328,98987,2.72,.61833334,70,65
MI,2002,.23752214,1.16,1,0,10039.379,6.1999998,1277,100144,2.5716667,.8075,70,65
MI,2003,.2388519,1.17,1,0,10078.146,7.3000002,1283,100756,2.5333333,.5958333,70,65
MN,1981,.2322349,1.39,0,0,4111.733,5.5,753,28678,2.1608334,.29166669,55,55
MN,1982,.23908444,1.36,0,0,4131.45,7.8000002,571,29176,2.1600001,.57833332,55,55
MN,1983,.2384921,1.37,0,0,4141.458,8.1999998,555,31063,2.3075001,.63333333,55,55
MN,1984,.2300652,1.34,0,0,4157.704,6.3000002,582,31826,1.9975001,.45166665,55,55
MN,1985,.22435077,1.3099999,0,0,4184.301,6,609,32688,2.4383333,.31666666,55,55
MN,1986,.22730443,1.3,0,0,4205.213,5.3000002,571,33806,2.6141667,.38583332,55,55
MN,1987,.23690221,1.3099999,0,1,4235.136,5.4000001,530,35167,1.8083333,.17083333,55,55
MN,1988,.24269217,1.3,0,1,4296.163,4,612,36447,1.8108333,.48166668,65,55
MN,1989,.24423347,1.28,0,1,4338.056,4.3000002,604,37393,1.85,.40083334,65,55
MN,1990,.23735523,1.3200001,0,1,4389.857,4.9000001,566,38946,2.0516667,.37916666,65,55
MN,1991,.22911657,1.3,0,1,4440.859,5.0999999,531,39254,2.6633334,.58749998,65,55
MN,1992,.22266087,1.25,0,1,4495.572,5.1999998,581,41162,2.085,.495,65,55
MN,1993,.2295271,1.24,0,1,4555.954,5.0999999,538,42214,2.5983334,.42500001,65,55
MN,1994,.2470869,1.27,0,1,4610.355,4,644,43317,2.1783333,.26416665,65,55
MN,1995,.26042673,1.24,0,1,4660.18,3.7,597,44072,2.22,.50166667,65,55
MN,1996,.26939011,1.25,0,1,4712.827,4,576,44465,2.1008334,.72249997,65,55
MN,1997,.27987826,1.23,0,1,4763.39,3.3,600,49082,1.9741666,.41749999,65,55
MN,1998,.29421529,1.16,0,1,4813.412,2.5,650,49628,2.1733334,.45916668,70,65
MN,1999,.30228809,1.23,0,1,4873.481,2.8,626,51410,2.4366667,.30416667,70,65
MN,2000,.30291262,1.24,0,1,4933.756,3.3,625,52601,2.2808332,.59416664,70,65
MN,2001,.30338839,1.25,0,1,4984.621,3.7,568,53341,2.4316666,.39916667,70,65
MN,2002,.31176013,1.25,0,1,5023.526,4.4000001,657,54562,2.2383332,.28833333,70,65
MN,2003,.31981674,1.21,0,1,5061.662,5,657,55296,1.7958333,.30833334,70,65
MO,1981,.1841623,1.4,0,0,4932.069,7.6999998,1041,35178,3.4966667,.17416666,55,55
MO,1982,.18013459,1.38,0,0,4929.456,9.1999998,893,35003,4.1233335,.57166666,55,55
MO,1983,.17745744,1.37,0,0,4943.735,9.8999996,911,36543,3.0575001,.28999999,55,55
MO,1984,.17813674,1.34,0,0,4975.276,7.1999998,968,38535,3.51,.054166663,55,55
MO,1985,.18318993,1.33,0,0,5000.26,6.4000001,931,39284,4.4025002,1.0916667,55,55
MO,1986,.19268593,1.36,0,1,5023.055,6.0999999,1129,41571,3.2741666,0,55,55
MO,1987,.20275137,1.36,0,1,5056.702,6.3000002,1044,43379,3.3741667,.12916666,55,55
MO,1988,.20246267,1.33,0,1,5081.737,5.6999998,1103,45570,2.9383333,.45666665,65,55
MO,1989,.20079167,1.33,0,1,5095.844,5.5,1052,48087,2.8783333,.57083333,65,55
MO,1990,.19828774,1.37,0,1,5128.88,5.8000002,1097,50883,4.3491664,0,65,55
MO,1991,.20145167,1.35,0,1,5170.8,6.6999998,1011,50982,2.9491665,.17083333,65,55
MO,1992,.20019594,1.34,0,1,5217.101,5.6999998,985,53254,3.5183334,0,65,55
MO,1993,.19635093,1.33,0,1,5271.175,6.5,947,54821,4.7216668,.6275,65,55
MO,1994,.20166107,1.36,0,1,5324.497,4.9000001,1089,57288,3.4524999,.13583334,65,55
MO,1995,.21716033,1.3099999,0,1,5378.247,4.8000002,1109,59347,3.4925001,.27416667,65,55
MO,1996,.23072137,1.3099999,0,1,5431.553,4.5999999,1148,61162,3.4558334,.21583332,70,60
MO,1997,.23756664,1.3,0,1,5481.193,4.1999998,1192,62980,3.4233334,.16,70,60
MO,1998,.23940293,1.33,0,1,5521.765,4.1999998,1169,64534,3.9566667,0,70,60
MO,1999,.2460115,1.35,0,1,5561.948,3.4000001,1094,66733,3.2141666,.29416665,70,60
MO,2000,.2506789,1.35,0,1,5606.265,3.4000001,1157,67083,3.0058334,.12166667,70,60
MO,2001,.2566247,1.34,0,1,5643.326,4.6999998,1098,67632,3.6983333,.16583334,70,60
MO,2002,.2628617,1.47,0,1,5681.045,5.5,1208,68163,3.2525001,0,70,60
MO,2003,.26700249,1.33,0,1,5718.717,5.5999999,1232,68163,3.4475,.47833332,70,60
MS,1981,.1716371,1.1900001,0,0,2539.032,8.3000002,744,16952,3.655,0,55,55
MS,1982,.17268106,1.1900001,0,0,2556.776,11,730,17146,5.6550002,0,55,55
MS,1983,.17005193,1.1900001,0,0,2567.719,12.6,716,17802,6.7183332,0,55,55
MS,1984,.16543047,1.1900001,0,0,2578.053,10.8,680,18442,4.2183332,0,55,55
MS,1985,.16573673,1.21,0,0,2588.103,10.3,662,19130,4.2958331,0,55,55
MS,1986,.16773254,1.26,0,0,2593.596,11.7,771,19226,3.8808334,0,55,55
MS,1987,.1689046,1.26,0,0,2588.545,10.2,756,20173,5.0941668,0,55,55
MS,1988,.16133404,1.28,0,0,2580.349,8.3999996,722,22043,4.3966665,0,65,55
MS,1989,.15138976,1.26,0,0,2574.272,7.8000002,726,22895,5.7816668,0,65,55
MS,1990,.1443783,1.34,0,1,2578.897,7.5999999,746,24398,5.6583333,0,65,55
MS,1991,.14725943,1.3200001,0,1,2598.733,8.6999998,699,24897,6.7125001,0,65,55
MS,1992,.15537266,1.35,0,1,2623.734,8.1999998,766,26239,5.0299997,0,65,55
MS,1993,.16655627,1.37,0,1,2655.1,6.4000001,813,26864,4.6358333,0,65,55
MS,1994,.17303874,1.28,0,1,2688.992,6.5999999,791,28548,5.085,0,65,55
MS,1995,.17890944,1.36,0,1,2722.659,6.0999999,868,29559,4.8383331,0,65,55
MS,1996,.18850537,1.37,0,1,2748.085,6.0999999,811,30562,4.5100002,0,70,70
MS,1997,.2030416,1.37,0,1,2777.004,5.6999998,861,31519,5.6566668,0,70,70
MS,1998,.2119541,1.4,0,1,2804.834,5.4000001,948,34210,5.1258335,0,70,70
MS,1999,.20723343,1.45,0,1,2828.408,5.0999999,927,34879,4.0599999,0,70,70
MS,2000,.20079893,1.4400001,0,1,2848.753,5.5999999,949,35536,3.8491666,0,70,70
MS,2001,.19577627,1.39,0,1,2857.577,5.5,784,35988,5.6016669,0,70,70
MS,2002,.19372679,1.4,0,1,2866.349,6.8000002,885,36429,5.1783333,0,70,70
MS,2003,.1950496,1.4,0,1,2880.793,6.3000002,871,37467,5.52,0,70,70
MT,1981,.2289706,1.9,0,0,795.325,6.9000001,338,7002,1.2316667,.18916667,55,55
MT,1982,.2316027,1.8200001,0,0,803.984,8.6000004,254,6669,1.4891666,.51333332,55,55
MT,1983,.23190817,1.79,0,0,814.029,8.8000002,286,7181,1.1391666,.18333334,55,55
MT,1984,.23683579,1.7,0,0,820.904,7.4000001,238,7386,1.0466666,.26416665,55,55
MT,1985,.24454647,1.6,0,0,822.3200000000001,7.6999998,223,7572,1.1466666,.31999999,55,55
MT,1986,.25426421,1.58,0,0,813.7380000000001,8.1000004,222,7737,1.4966667,.39250001,55,55
MT,1987,.25117072,1.5700001,0,0,805.064,7.4000001,234,8074,1.1625,.13250001,55,55
MT,1988,.23441574,1.59,0,1,800.2,6.8000002,198,8138,.94666666,.27416667,65,55
MT,1989,.21867967,1.5599999,0,1,799.634,5.9000001,181,8250,1.3941667,.39833334,65,55
MT,1990,.2104528,1.6,0,1,800.204,6,212,8332,1.0291667,.17749999,65,55
MT,1991,.21258783,1.61,0,1,809.68,7.0999999,200,8314,1.3591666,.17333333,65,55
MT,1992,.21376917,1.59,0,1,825.77,6.9000001,192,8525,1.1691667,.17083333,65,55
MT,1993,.21827333,1.49,0,1,844.761,6.0999999,195,8707,1.5925,.23083332,65,55
MT,1994,.21748836,1.5700001,0,1,861.306,5.0999999,202,9116,.97166663,.28083333,65,55
MT,1995,.21928787,1.49,0,1,876.553,5.9000001,215,9440,1.4291667,.39083335,65,55
MT,1996,.22725113,1.49,0,1,886.254,5.3000002,200,9446,1.3116667,.55833334,80,75
MT,1997,.24039154,1.49,0,1,889.865,5.4000001,265,9392,1.2583333,.21333334,80,75
MT,1998,.25447685,1.51,0,1,892.431,5.5999999,237,9589,1.2916666,.3125,80,75
MT,1999,.25621051,1.5599999,0,1,897.5069999999999,5.1999998,220,9835,1.1608334,.24333332,75,65
MT,2000,.25229654,1.55,0,1,903.51,5,237,9882,1.0183333,.29583335,75,65
MT,2001,.25020429,1.5700001,0,1,906.098,4.5999999,230,10011,.96416664,.13833334,75,65
MT,2002,.25414529,1.61,0,1,910.395,4.5999999,270,10395,1.1525,.25333333,75,65
MT,2003,.26068002,1.55,0,1,917.885,4.6999998,262,10874,1.1091666,.4425,75,65
NC,1981,.1863275,1.1,0,0,5956.653,6.4000001,1491,42059,3.5241666,0,55,55
NC,1982,.18790376,1.0700001,0,0,6019.108,9,1306,43100,4.46,0,55,55
NC,1983,.18755817,1.1,0,0,6077.059,8.8999996,1231,45038,4.6241665,0,55,55
NC,1984,.18510827,1.11,0,0,6164.004,6.6999998,1446,48182,4.5900002,0,55,55
NC,1985,.18610163,1.09,0,0,6253.957,5.4000001,1481,49923,4.0100002,0,55,55
NC,1986,.18969457,1.12,0,1,6321.576,5.3000002,1647,52866,3.1591668,0,55,55
NC,1987,.19636966,1.11,1,0,6403.693,4.5,1584,54600,4.3175001,0,55,55
NC,1988,.19570327,1.12,1,0,6480.591,3.5999999,1573,57943,3.2691667,0,65,55
NC,1989,.19541037,1.13,1,0,6565.462,3.5,1471,61236,5.1149998,0,65,55
NC,1990,.1928218,1.16,1,0,6664.016,4.1999998,1385,62752,3.7266667,0,65,55
NC,1991,.19170824,1.11,1,0,6784.28,5.8000002,1369,64883,4.0333333,0,65,55
NC,1992,.191277,1.14,1,0,6897.214,6,1265,67538,4.3175001,0,65,55
NC,1993,.19596167,1.14,1,0,7042.818,4.9000001,1389,69502,3.8416667,0,65,55
NC,1994,.20446643,1.14,1,0,7187.398,4.4000001,1431,71928,4.1574998,0,65,55
NC,1995,.21035524,1.12,1,0,7344.674,4.3000002,1448,76053,4.3899999,0,65,55
NC,1996,.2130302,1.14,1,0,7500.67,4.3000002,1494,78935,4.6908331,0,65,55
NC,1997,.216677,1.15,1,0,7656.825,3.5999999,1483,81893,3.9708333,0,70,70
NC,1998,.22152446,1.13,1,0,7809.121,3.5,1596,85283,4.9483333,0,70,70
NC,1999,.22605564,1.16,1,0,7949.361,3.2,1505,87758,4.2616668,0,70,70
NC,2000,.23028687,1.1900001,1,0,8078.429,3.5999999,1472,89504,3.9633334,0,70,70
NC,2001,.23339193,1.23,1,0,8198.279,5.5,1530,91580,3.2983334,0,70,70
NC,2002,.23844913,1.25,1,0,8312.754999999999,6.6999998,1575,92894,3.7391667,0,70,70
NC,2003,.243662,1.21,1,0,8422.375,6.5,1531,93759,5.5,0,70,70
ND,1981,.1945506,1.53,0,0,659.504,5,166,5352,1.3416667,.13,55,55
ND,1982,.20283841,1.52,0,0,668.972,5.9000001,148,5252,1.4158334,.33749998,55,55
ND,1983,.21076407,1.48,0,0,676.687,5.5999999,116,5363,1.2391667,.28333333,55,55
ND,1984,.21229054,1.4,0,0,680.499,5.0999999,99,5377,1.1383333,.2475,55,55
ND,1985,.21073717,1.33,0,0,676.979,5.9000001,90,5387,1.335,.25583333,55,55
ND,1986,.21192107,1.3200001,0,0,669.513,6.3000002,100,5632,1.8,.23916666,55,55
ND,1987,.2204887,1.34,0,0,661.141,5.1999998,101,5681,1.4308333,.30250001,55,55
ND,1988,.22003113,1.38,0,0,655.33,4.8000002,104,5765,.95499998,.28,65,55
ND,1989,.2179265,1.38,0,0,646.351,4.3000002,81,5849,1.1483333,.24666667,65,55
ND,1990,.21091217,1.47,0,0,637.6849999999999,4,112,5910,1.2316667,.17083333,65,55
ND,1991,.21043733,1.4299999,0,0,635.753,4.3000002,94,5951,1.5333333,.17333333,65,55
ND,1992,.20615506,1.38,0,0,638.223,5.0999999,88,6072,1.2191666,.20583335,65,55
ND,1993,.20549963,1.37,0,0,641.216,4.4000001,89,6158,1.8966666,.25333333,65,55
ND,1994,.20733663,1.39,0,0,644.804,3.9000001,88,6338,1.4308333,.30416667,65,55
ND,1995,.21049879,1.35,0,1,647.832,3.3,74,6545,1.5125,.33583334,65,55
ND,1996,.21279597,1.4,0,1,650.3819999999999,3.0999999,85,6741,1.4683334,.41999999,70,70
ND,1997,.21893694,1.4,0,1,649.716,2.5,105,7122,1.2591666,.22416666,70,70
ND,1998,.22300513,1.45,0,1,647.532,3.2,92,7333,1.6416667,.50999999,70,70
ND,1999,.22668163,1.49,0,1,644.259,3.4000001,119,7262,1.7075,.20583333,70,70
ND,2000,.22688833,1.47,0,1,641.153,3,86,7217,1.7816666,.44333333,70,70
ND,2001,.2357966,1.46,0,1,636.239,2.9000001,105,7235,1.3674999,.1175,70,70
ND,2002,.24247964,1.51,0,1,633.571,4,97,7336,1.3025,.16583334,70,70
ND,2003,.24894163,1.53,0,1,633.051,4,105,7468,1.3391666,.21916667,70,70
NE,1981,.1839956,1.5700001,0,0,1578.517,4.0999999,378,11504,1.9241667,.14083333,55,55
NE,1982,.18636267,1.5,0,0,1581.776,6.0999999,261,11435,2.1375,.22,55,55
NE,1983,.19021671,1.49,0,0,1584.293,5.6999998,255,11534,2.0566666,.086666666,55,55
NE,1984,.19462493,1.4400001,0,0,1588.638,4.4000001,285,11968,2.0466666,.12,55,55
NE,1985,.19527233,1.4,0,0,1584.661,5.5,237,12054,1.8041667,.19666667,55,55
NE,1986,.19570017,1.38,0,0,1574.328,5,290,12630,2.0991666,.1875,55,55
NE,1987,.2033889,1.4,0,0,1566.544,4.9000001,297,13091,2.1958334,.088333331,55,55
NE,1988,.2050086,1.37,0,0,1571.477,3.5999999,261,13407,1.7191666,.15000001,65,55
NE,1989,.20805427,1.37,0,0,1574.858,3.0999999,296,13781,1.41,.18416667,65,55
NE,1990,.2085802,1.41,0,0,1581.66,2.2,262,13958,1.7175,.12416667,65,55
NE,1991,.20967494,1.4,0,0,1595.919,2.8,275,14095,1.7808334,.23666666,65,55
NE,1992,.20534907,1.37,0,0,1611.687,3,269,14621,2.0699999,.13499999,65,55
NE,1993,.20458843,1.37,0,1,1625.59,2.7,254,14777,2.6241667,.405,65,55
NE,1994,.21076064,1.39,0,1,1639.041,2.9000001,271,15466,1.6958333,.23416667,65,55
NE,1995,.22508353,1.35,0,1,1656.992,2.5999999,254,15807,1.985,.054166667,65,55
NE,1996,.22884983,1.35,0,1,1673.74,2.9000001,293,16238,2.0691667,.29916668,65,55
NE,1997,.23301713,1.35,0,1,1686.418,2.5999999,302,17077,1.6558334,.185,75,65
NE,1998,.23173736,1.39,0,1,1695.816,2.7,315,17558,1.995,.22500001,75,65
NE,1999,.23587547,1.42,0,1,1704.764,2.9000001,295,18012,2.0008333,.027500002,75,65
NE,2000,.24106647,1.4400001,0,1,1713.261,3,276,18081,1.5908333,.17583333,75,65
NE,2001,.25198343,1.4299999,0,1,1718.965,3.0999999,246,18102,2.0816667,.25416666,75,65
NE,2002,.25760785,1.45,0,1,1726.753,3.5999999,307,18719,1.1241666,.13833334,75,65
NE,2003,.26055968,1.42,0,1,1738.013,4,293,19016,1.66,.1725,75,65
NH,1981,.2428308,1.89,0,0,936.621,5,148,6570,4.1174998,1.71,55,55
NH,1982,.25337854,1.89,0,0,947.72,7.4000001,173,6971,3.1458335,1.1166667,55,55
NH,1983,.25663829,2.1700001,0,0,958.134,5.4000001,191,7181,4.3866668,1.265,55,55
NH,1984,.24422351,1.99,0,0,976.8630000000001,4.3000002,193,7294,3.8008332,1.4583334,55,55
NH,1985,.23281567,1.99,0,0,996.753,3.9000001,188,7538,2.9175,.89916664,55,55
NH,1986,.23451003,1.9299999,0,0,1025.054,2.8,172,7913,3.6916666,1.15,55,55
NH,1987,.2463851,1.9299999,0,0,1054.289,2.5,179,9167,3.02,.50999999,55,55
NH,1988,.25066012,1.91,0,0,1082.576,2.4000001,166,9507,3.2483332,.86416668,65,55
NH,1989,.25015718,1.87,0,0,1104.523,3.5,187,9819,3.4216666,.79416668,65,55
NH,1990,.24969541,1.85,0,0,1112.384,5.6999998,158,9844,4.0116668,1.2883333,65,55
NH,1991,.25639859,1.85,0,0,1109.929,7.1999998,143,9935,3.4925001,.78083336,65,55
NH,1992,.25741658,1.8099999,0,0,1117.784,7.5,122,10067,3.0383334,1.0366666,65,55
NH,1993,.2597197,1.83,0,0,1129.458,6.5999999,121,10336,3.2741666,1.3558333,65,55
NH,1994,.26339972,1.75,0,0,1142.56,4.5999999,119,10501,3.48,1.3116667,65,55
NH,1995,.26569206,1.74,0,0,1157.561,4,118,10643,2.9608333,.94499999,65,55
NH,1996,.27434209,1.73,0,0,1174.719,4.1999998,134,10987,4.0549998,1.6016667,65,65
NH,1997,.28078213,1.73,0,0,1189.425,3.0999999,125,11202,3.4158332,1.2091666,65,65
NH,1998,.28729421,1.72,0,0,1205.94,2.9000001,128,11573,3.6833334,1.0708333,65,65
NH,1999,.29223907,1.75,0,0,1222.014,2.7,140,11893,3.5666666,1.4075,65,65
NH,2000,.29268196,1.75,0,0,1240.554,2.8,126,12021,3.8958333,1.225,65,65
NH,2001,.29615101,1.74,0,0,1258.546,3.5,142,12315,2.9033334,1.3391666,65,65
NH,2002,.30396581,1.73,0,0,1274.666,4.6999998,127,12578,3.5591667,1.3125,65,65
NH,2003,.31931481,1.72,0,0,1287.594,4.3000002,127,13180,3.7,1.4058334,65,65
NJ,1981,.21608479,1.22,0,0,7407.471,7.3000002,1162,51328,3.3166666,.043333333,55,55
NJ,1982,.21960996,1.22,0,0,7430.97,9,1086,51802,3.3916667,.375,55,55
NJ,1983,.2278322,1.21,0,0,7467.784,7.8000002,933,52217,4.7150002,0,55,55
NJ,1984,.23860154,1.1900001,0,0,7515.474,6.1999998,927,52312,4.2325001,.17916667,55,55
NJ,1985,.25064626,1.1799999,0,1,7565.53,5.6999998,959,53108,3.365,.245,55,55
NJ,1986,.25977471,1.1799999,0,1,7622.161,5,1039,55350,3.8841667,.93166667,55,55
NJ,1987,.26819783,1.1799999,0,1,7670.741,4,1023,57071,3.5408332,.67583334,55,55
NJ,1988,.26497877,1.15,0,1,7712.333,3.8,1051,58671,3.4966667,.25166667,55,55
NJ,1989,.26220083,1.13,0,1,7726.086,4.0999999,891,59898,4.4758334,.067500003,55,55
NJ,1990,.25774819,1.15,0,1,7762.963,5.0999999,886,58923,3.8875,0,55,55
NJ,1991,.26186383,1.09,0,1,7814.676,6.6999998,784,59289,3.5341666,0,55,55
NJ,1992,.26785213,1.0700001,0,1,7880.508,8.5,764,59410,3.5491667,0,55,55
NJ,1993,.2757996,1.0700001,0,1,7948.915,7.5,788,59726,3.6491666,.48000002,55,55
NJ,1994,.28204766,1.04,0,1,8014.306,6.8000002,761,60466,4.2158332,1.0650001,55,55
NJ,1995,.28532773,1.03,0,1,8083.242,6.4000001,773,61012,3.03,.60250002,55,55
NJ,1996,.28841773,1,0,1,8149.596,6.1999998,814,62334,4.6349998,.48083332,55,55
NJ,1997,.29212579,.98000002,0,1,8218.808000000001,5.0999999,774,62784,3.6666667,.27000001,55,55
NJ,1998,.29651394,.98000002,0,1,8287.418,4.5999999,741,64510,3.6341667,0,65,55
NJ,1999,.302526,.97000003,0,1,8359.592000000001,4.5999999,726,65541,3.9591665,0,65,55
NJ,2000,.30960047,.95999998,1,0,8433.704,3.7,731,67446,3.9075,.55666667,65,55
NJ,2001,.31858584,.99000001,1,0,8504.864,4.1999998,747,68725,3.1283333,.25083333,65,55
NJ,2002,.32698378,.98000002,1,0,8576.089,5.8000002,773,69942,3.3575001,0,65,55
NJ,2003,.33397126,.94999999,1,0,8640.028,5.9000001,747,69778,4.8216667,1.0691667,65,55
NM,1981,.2269301,1.74,0,0,1332.747,7.3000002,544,11470,1.1583333,0,55,55
NM,1982,.2429186,1.72,0,0,1363.822,9.1999998,577,11850,1.2366667,0,55,55
NM,1983,.25040412,1.72,0,0,1394.362,10.1,549,11678,1.0716667,0,55,55
NM,1984,.24553323,1.71,0,0,1416.719,7.5,497,12432,1.2141666,0,55,55
NM,1985,.23935524,1.7,0,0,1438.36,8.8000002,535,13269,1.22,0,55,55
NM,1986,.22895013,1.64,1,0,1462.728,9.1999998,499,13171,1.6,0,55,55
NM,1987,.22578333,1.63,1,0,1478.519,8.8999996,568,15116,1.2991667,0,55,55
NM,1988,.2155153,1.63,1,0,1490.336,7.8000002,487,15283,1.3608333,.049166664,65,55
NM,1989,.20882143,1.64,1,0,1503.901,6.6999998,538,15839,.88249999,0,65,55
NM,1990,.20525153,1.6799999,1,0,1521.574,6.5,499,16148,1.3191667,0,65,55
NM,1991,.21479879,1.64,1,0,1555.305,7.0999999,469,16773,1.5283333,0,65,55
NM,1992,.22453576,1.5599999,1,0,1595.442,7,460,18452,1.3075,.074999996,65,55
NM,1993,.23273499,1.53,1,0,1636.453,7.6999998,431,18945,1.175,0,65,55
NM,1994,.22973053,1.46,1,0,1682.398,6.3000002,447,20480,1.1341667,0,65,55
NM,1995,.225301,1.5599999,1,0,1720.394,6.3000002,485,21147,1.005,0,65,55
NM,1996,.2237817,1.55,1,0,1752.326,8.1000004,485,21510,1.0658333,0,75,75
NM,1997,.2310669,1.51,1,0,1774.839,6.1999998,484,21937,1.5416666,.15083332,75,75
NM,1998,.24223657,1.49,1,0,1793.484,6.1999998,424,22192,.91833335,0,75,75
NM,1999,.2442039,1.53,1,0,1808.082,5.5999999,460,22429,1.1991667,0,75,75
NM,2000,.24146503,1.53,1,0,1821.526,5,430,22760,.85833335,0,75,75
NM,2001,.24055947,1.54,1,0,1832.608,4.8000002,463,23232,.98750001,.088333331,75,75
NM,2002,.23560479,1.53,1,0,1855.4,5.4000001,449,22789,.91083336,0,75,75
NM,2003,.24188483,1.52,1,0,1879.252,6.4000001,439,22844,.7475,0,75,75
NV,1981,.201159,2.0799999,0,0,847.6559999999999,7.0999999,294,6515,.71166664,0,55,55
NV,1982,.1997125,1.99,0,0,881.538,10.1,280,6413,1.0383333,.16083333,55,55
NV,1983,.19736786,1.98,0,0,901.978,9.8000002,252,6872,1.3366667,0,55,55
NV,1984,.19559823,2.01,0,0,924.921,7.8000002,249,7332,.85250002,.094999999,55,55
NV,1985,.2004717,1.96,0,0,951.032,8,258,7566,.63499999,.17,55,55
NV,1986,.20424031,2.0699999,0,0,980.614,6,233,7986,.79416662,.015000001,55,55
NV,1987,.2063292,2.05,0,0,1023.374,6.3000002,262,8396,.85333335,.12333333,55,55
NV,1988,.19229633,2.1300001,0,1,1075.023,5.1999998,286,8989,.63499999,.1525,65,55
NV,1989,.18201113,2.1800001,0,1,1137.382,5,308,9392,.58916664,.13249999,65,55
NV,1990,.17621803,2.1700001,0,1,1220.695,4.9000001,343,10205,.68833333,.23416667,65,55
NV,1991,.1820941,2.05,0,1,1296.171,5.5999999,297,10510,.66833335,.063333333,65,55
NV,1992,.1825282,2.02,0,1,1351.367,6.6999998,251,10897,.72916669,.15000001,65,55
NV,1993,.17853357,1.95,0,1,1411.215,7.3000002,263,11624,.76916665,.41499999,65,55
NV,1994,.17219274,1.9299999,0,1,1499.298,6.1999998,294,13019,.71249998,.18833333,65,55
NV,1995,.18005046,1.87,0,1,1581.578,5.4000001,313,13974,1,0,65,55
NV,1996,.19068107,1.91,0,1,1666.32,5.4000001,348,15993,.91916668,0,75,65
NV,1997,.20247367,1.84,0,1,1764.104,4.0999999,347,16309,.7475,.20083334,75,65
NV,1998,.20459726,1.8,0,1,1853.191,4.3000002,361,16486,1.3099999,.024166666,75,65
NV,1999,.20693964,1.8200001,0,1,1934.718,4.4000001,350,17390,.61583334,.010833333,75,65
NV,2000,.21205233,1.79,0,1,2018.214,4,323,17639,.76999998,0,75,65
NV,2001,.22001924,1.8099999,0,1,2094.827,5.3000002,313,18309,.66166663,.16249999,75,65
NV,2002,.22652997,1.75,0,1,2167.867,5.5,381,17966,.45000002,.0425,75,65
NV,2003,.23162884,1.76,0,1,2241.7,5.1999998,368,19301,.73666668,0,75,65
NY,1981,.2053356,1.25,0,0,17567.731,7.5999999,2487,79130,3.3066666,1.0533333,55,55
NY,1982,.21294856,1.26,0,0,17589.737,8.6000004,2153,80484,3.175,.88916665,55,55
NY,1983,.2204051,1.23,0,0,17686.907,8.6000004,2071,83783,3.6199999,.97499996,55,55
NY,1984,.22799224,1.15,1,0,17745.676,7.1999998,2054,87268,3.5799999,.89499998,55,55
NY,1985,.23645753,1.14,1,0,17791.678,6.5,2003,90518,3.1275001,.73583335,55,55
NY,1986,.24442516,1.13,1,0,17833.421,6.3000002,2115,94716,3.575,.95916671,55,55
NY,1987,.25111881,1.15,1,0,17868.844,4.9000001,2333,98002,3.0258334,.58666664,55,55
NY,1988,.24915786,1.15,1,0,17941.309,4.1999998,2255,103692,2.8600001,.89499998,55,55
NY,1989,.24595226,1.12,1,0,17983.084,5.0999999,2257,106059,3.355,.83666664,55,55
NY,1990,.24167964,1.13,1,0,18020.784,5.3000002,2212,106902,3.895,1.3724999,55,55
NY,1991,.23991777,1.09,1,0,18122.51,7.3000002,2009,107661,2.9375,.74000001,55,55
NY,1992,.2416441,1.04,1,0,18246.653,8.6000004,1814,109881,3.4316666,1.0308334,55,55
NY,1993,.24433307,1,1,0,18374.954,7.8000002,1781,112240,3.3208334,1.2416667,55,55
NY,1994,.25199345,.98000002,1,0,18459.47,6.9000001,1658,112970,3.5583334,1.1891667,55,55
NY,1995,.25691301,.98000002,1,0,18524.104,6.3000002,1674,115091,2.6524999,.83750004,55,55
NY,1996,.26151276,.97000003,1,0,18588.46,6.1999998,1593,118641,3.99,.87,65,55
NY,1997,.26609141,.94,1,0,18656.546,6.4000001,1643,120779,3.2358334,1.1991667,65,65
NY,1998,.27084851,.94999999,1,0,18755.906,5.5999999,1514,123376,3.3583333,.83833331,65,65
NY,1999,.27720061,.93000001,1,0,18882.725,5.1999998,1599,126491,3.0683334,1.1716666,65,65
NY,2000,.28381705,.92000002,1,0,18998.889,4.5999999,1458,129057,3.8791666,1.0141667,65,65
NY,2001,.29208896,.95999998,1,0,19091.21,4.9000001,1548,130722,2.7983334,.90499997,65,65
NY,2002,.29839545,.94999999,1,0,19164.755,6.0999999,1522,133057,3.4608333,.87666667,65,65
NY,2003,.30242839,.93000001,1,0,19228.031,6.3000002,1491,135047,3.7350001,1.2166667,65,65
OH,1981,.1646432,1.35,0,0,10788.336,9.6000004,1780,71728,3.3758333,.85000002,55,55
OH,1982,.17702496,1.4,0,0,10757.085,12.5,1607,71751,3.2358334,.67250001,55,55
OH,1983,.18121296,1.36,0,0,10737.631,12.2,1585,73214,2.9825001,.3775,55,55
OH,1984,.181069,1.41,0,0,10737.743,9.3999996,1644,74895,3.0083334,.3725,55,55
OH,1985,.18216464,1.37,0,0,10734.926,8.8999996,1640,75549,3.2816668,.64499998,55,55
OH,1986,.1856796,1.3200001,0,0,10730.272,8.1000004,1673,81348,3.1866667,.63666666,55,55
OH,1987,.19014366,1.35,0,1,10760.081,7,1772,79157,2.5083332,.13,55,55
OH,1988,.18644384,1.34,0,1,10798.554,6,1763,81990,2.76,.87083334,65,55
OH,1989,.18436854,1.35,0,1,10829.216,5.5,1772,84418,3.6224999,.63083333,65,55
OH,1990,.18187153,1.34,0,1,10864.162,5.6999998,1636,91303,4.2725,0,65,55
OH,1991,.18495134,1.33,0,1,10945.762,6.4000001,1635,93002,2.6583333,.19,65,55
OH,1992,.1863399,1.3200001,0,1,11029.431,7.3000002,1439,95221,3.3033333,.17166667,65,55
OH,1993,.19075157,1.29,0,1,11101.14,6.5999999,1482,96167,3.1900001,.55250001,65,55
OH,1994,.19465353,1.3099999,0,1,11152.454,5.5,1371,98200,3.0558333,.61250001,65,55
OH,1995,.20533749,1.28,0,1,11202.751,4.8000002,1366,100788,3.0050001,.7183333,65,55
OH,1996,.2107251,1.3,0,1,11242.827,4.9000001,1391,103090,3.9000001,.68416667,65,55
OH,1997,.2171762,1.28,0,1,11277.357,4.5999999,1441,103677,3.28,.1925,65,65
OH,1998,.22209713,1.3099999,0,1,11311.536,4.3000002,1422,104926,3.3341668,0,65,65
OH,1999,.2297565,1.3200001,0,1,11335.454,4.3000002,1430,105511,2.8341668,.36000001,65,65
OH,2000,.23492993,1.3,0,1,11363.809,4,1351,105898,3.4825001,.47583333,65,65
OH,2001,.23670846,1.33,0,1,11384.992,4.1999998,1378,106589,2.9016666,.10666666,65,65
OH,2002,.23805574,1.34,0,1,11404.651,5.6999998,1418,107861,3.1600001,.2325,65,65
OH,2003,.2414519,1.33,0,1,11431.748,6.0999999,1277,108938,3.9916666,.63749999,65,65
OK,1981,.1907154,1.14,0,0,3096.159,3.5999999,989,28780,2.5416667,0,55,55
OK,1982,.19697003,1.17,0,0,3206.129,5.6999998,1070,30011,2.9950001,0,55,55
OK,1983,.1994441,1.05,0,0,3290.404,9,842,29565,2.4991667,.083333336,55,55
OK,1984,.2014799,1.01,0,0,3285.535,7,808,30981,2.5566666,0,55,55
OK,1985,.20437147,1.04,0,0,3271.333,7.0999999,739,31181,3.4366667,.14583333,55,55
OK,1986,.21206763,1.04,0,0,3252.735,8.1999998,698,30833,3.0291667,0,55,55
OK,1987,.21588387,1.04,0,0,3210.124,7.4000001,597,31606,3.6766667,0,55,55
OK,1988,.20252587,1.05,0,0,3167.064,6.6999998,634,32388,2.4083333,0,65,55
OK,1989,.19431707,1.05,0,0,3150.304,5.5999999,648,32836,3.0758333,.035,65,55
OK,1990,.1933682,1.12,0,0,3148.825,5.6999998,640,33141,3.7866666,0,65,55
OK,1991,.20393726,1.09,0,0,3175.44,6.6999998,651,34240,2.9241667,0,65,55
OK,1992,.2082631,1.13,0,0,3220.517,5.6999998,613,35119,3.5016668,0,65,55
OK,1993,.20691207,1.11,0,0,3252.285,6.0999999,671,35529,3.3516667,0,65,55
OK,1994,.20691504,1.15,0,0,3280.94,5.8000002,687,35567,2.8891668,0,65,55
OK,1995,.20266317,1.1,0,0,3308.208,4.6999998,669,38489,3.1508334,0,65,55
OK,1996,.2020458,1.09,0,0,3340.129,4.0999999,772,39427,2.9375,0,65,55
OK,1997,.19956221,1.1,0,0,3372.917,4.0999999,838,41400,3.3633332,0,75,70
OK,1998,.20675607,1.12,1,0,3405.194,4.5,755,42033,2.6341667,0,75,70
OK,1999,.21326603,1.11,1,0,3437.147,3.4000001,741,42569,3.0641668,0,75,70
OK,2000,.22004427,1.13,1,0,3454.321,3.0999999,652,43355,2.6816666,.15833333,75,70
OK,2001,.22015473,1.11,1,0,3465.778,3.8,676,43527,2.8425,0,75,70
OK,2002,.22428697,1.11,1,0,3487.076,4.5,734,45731,2.6591666,0,75,70
OK,2003,.23203591,1.0599999,1,0,3504.917,5.6999998,668,45725,2.3583333,0,75,70
OR,1981,.23521671,1.38,0,0,2667.985,9.8999996,645,19516,2.6458333,0,55,55
OR,1982,.23999897,1.33,0,0,2664.919,11.5,518,19384,2.7191668,.34916666,55,55
OR,1983,.24433063,1.3099999,0,0,2653.071,10.8,548,20557,3.4516666,.50333333,55,55
OR,1984,.25026315,1.28,0,0,2666.589,9.3999996,571,20943,2.6266665,.35333335,55,55
OR,1985,.25547171,1.25,0,0,2672.648,8.8000002,559,21458,1.5683334,.82249999,55,55
OR,1986,.25486344,1.26,0,0,2683.526,8.5,619,22741,2.6758335,0,55,55
OR,1987,.25208357,1.26,0,0,2700.996,6.1999998,620,23332,2.1291666,.3175,55,55
OR,1988,.23678426,1.27,0,0,2741.297,5.8000002,677,25204,2.0658333,.33500001,65,55
OR,1989,.22507963,1.26,0,0,2790.579,5.6999998,626,25820,1.8491666,.58750004,65,55
OR,1990,.21981297,1.3200001,0,0,2860.375,5.5999999,579,26738,2.0766666,.16250001,65,55
OR,1991,.2309137,1.28,1,0,2928.507,6.0999999,484,25762,2.0558333,.16166668,65,55
OR,1992,.24292754,1.29,1,0,2991.755,7.5999999,467,27926,1.9033333,.39583334,65,55
OR,1993,.24483484,1.24,1,0,3060.367,7.3000002,524,29657,2.2316668,.60000002,65,55
OR,1994,.24424863,1.23,1,0,3121.264,5.4000001,490,29453,2.0066667,0,65,55
OR,1995,.2387521,1.21,1,0,3184.369,4.8000002,572,30034,2.9158335,0,65,55
OR,1996,.2358389,1.23,1,0,3247.111,5.9000001,526,30319,3.4941666,0,65,55
OR,1997,.23958109,1.1900001,1,0,3304.31,5.8000002,523,32268,2.1616666,0,65,55
OR,1998,.24948767,1.2,1,0,3352.449,5.5999999,538,33340,3.1616666,.42416668,65,55
OR,1999,.26490727,1.21,1,0,3393.941,5.6999998,414,34680,2.5841665,0,65,55
OR,2000,.27198711,1.2,1,0,3431.07,4.9000001,451,35010,2.0875001,0,65,55
OR,2001,.27765888,1.22,1,0,3473.484,6.3000002,488,34398,1.7758334,0,65,55
OR,2002,.27337945,1.22,1,0,3522.342,7.5,436,34578,1.8991667,0,65,55
OR,2003,.27361333,1.2,1,0,3562.681,8.1999998,512,35098,2.3074999,0,65,55
PA,1981,.16050629,1.42,0,0,11858.569,8.3999996,2019,71508,3.4483333,1.1733334,55,55
PA,1982,.16660526,1.4400001,0,0,11845.146,10.9,1810,71313,3.3333333,.73416668,55,55
PA,1983,.16885529,1.41,0,0,11837.726,11.8,1706,72302,3.6925001,.94083333,55,55
PA,1984,.17400123,1.37,0,0,11815.175,9.1000004,1723,74297,3.8591666,.41666666,55,55
PA,1985,.17698351,1.37,0,0,11770.865,8,1771,75428,3.4649999,.62916666,55,55
PA,1986,.18252157,1.38,0,0,11782.754,6.8000002,1894,77636,3.6341667,1.1058333,55,55
PA,1987,.18632039,1.38,0,0,11810.869,5.6999998,1987,78626,3.2333333,.36416668,55,55
PA,1988,.1848574,1.39,0,1,11845.755,5.0999999,1931,81238,3.0158334,.7833333,55,55
PA,1989,.18440931,1.36,0,1,11865.992,4.5,1877,82864,3.5616667,.70416665,55,55
PA,1990,.18378989,1.42,0,1,11903.299,5.4000001,1646,85708,3.8716667,0,55,55
PA,1991,.1873194,1.36,0,1,11982.164,7,1661,87282,2.7408333,.22416668,55,55
PA,1992,.19000269,1.3,0,1,12049.45,7.5999999,1545,89200,3.4541667,.79000002,55,55
PA,1993,.19238247,1.3099999,0,1,12119.724,7.0999999,1529,90706,3.7241666,.84916669,55,55
PA,1994,.19793834,1.28,0,1,12166.05,6.1999998,1441,92347,4.0725002,.81666666,55,55
PA,1995,.20982246,1.23,0,1,12198.403,5.9000001,1480,94520,2.73,.7833333,55,55
PA,1996,.2238103,1.22,0,1,12220.464,5.3000002,1469,96646,4.4858332,.89249998,65,55
PA,1997,.2322672,1.2,0,1,12227.814,5.1999998,1557,98015,3.2391667,.18916667,65,55
PA,1998,.23585033,1.21,0,1,12245.672,4.5999999,1481,99908,3.3691666,0,65,55
PA,1999,.23690566,1.2,0,1,12263.805,4.4000001,1549,102011,3.4183333,.47833332,65,55
PA,2000,.24267627,1.21,0,1,12286.314,4.0999999,1520,102337,3.4308333,.88666666,65,55
PA,2001,.24901637,1.3200001,0,1,12296.063,4.6999998,1530,103004,2.7933333,.4025,65,55
PA,2002,.25421,1.35,0,1,12324.415,5.6999998,1614,104476,3.3183334,.31666666,65,55
PA,2003,.25662717,1.46,0,1,12364.93,5.5999999,1577,106347,4.415,1.12,65,55
RI,1981,.1877916,1.36,0,0,953.0119999999999,7.5999999,102,5575,3.3991666,.070833333,55,55
RI,1982,.18813007,1.34,0,0,954.17,10.2,108,5908,3.9925001,.94333333,55,55
RI,1983,.19145736,1.48,0,0,956.3819999999999,8.3000002,100,6014,5.1483335,1.1591667,55,55
RI,1984,.19653989,1.37,0,0,961.895,5.3000002,79,5300,4.3058333,.20916666,55,55
RI,1985,.20355536,1.4,0,0,968.956,4.9000001,109,5823,3.4783335,.5025,55,55
RI,1986,.21596344,1.41,0,0,977.34,4,124,5429,4.1058335,.97750002,55,55
RI,1987,.22973803,1.4,0,0,989.605,3.8,113,6003,3.4400001,.57083333,55,55
RI,1988,.23329417,1.39,0,0,996.407,3.0999999,125,5853,3.8291667,1.22,55,55
RI,1989,.23649646,1.37,0,0,1000.666,4.0999999,100,6740,4.2491665,.63166666,55,55
RI,1990,.2400649,1.3099999,0,0,1005.995,6.8000002,84,7364,3.8,0,55,55
RI,1991,.24574694,1.33,0,0,1010.649,8.6000004,88,7152,3.8458333,.27166668,55,55
RI,1992,.24293816,1.24,0,1,1012.581,9,79,7559,4.1750002,.72416669,55,55
RI,1993,.24059966,1.22,0,1,1015.112,7.8000002,74,7227,3.7608333,.9733333,55,55
RI,1994,.24629073,1.23,0,1,1015.96,7.0999999,63,7095,4.0599999,.94083339,55,55
RI,1995,.24680147,1.1900001,0,1,1017.002,7,69,6896,3.1641667,.85500002,55,55
RI,1996,.24795073,1.16,0,1,1020.893,5.0999999,69,7120,4.4475002,1.0583334,65,55
RI,1997,.24680001,1.22,0,1,1025.353,5.3000002,75,7072,3.5783334,.35500002,65,55
RI,1998,.25815016,1.14,0,1,1031.155,4.9000001,74,7983,4.9966664,0,65,55
RI,1999,.26881319,1.14,0,1,1040.402,4.0999999,88,8281,3.8625,.55166668,65,55
RI,2000,.27821442,1.15,0,1,1050.742,4.0999999,80,8359,4.3783336,.76166672,65,55
RI,2001,.2855103,1.1900001,0,1,1058.365,4.6999998,81,7991,3.8099999,.2475,65,55
RI,2002,.28897393,1.17,0,1,1068.55,5.0999999,84,8142,3.7983334,0,65,55
RI,2003,.28943127,1.12,0,1,1075.729,5.3000002,104,8365,4.2991667,.91000003,65,55
SC,1981,.14769609,1.25,0,0,3179.255,8.3999996,846,23054,3.5133333,0,55,55
SC,1982,.15084043,1.24,0,0,3207.611,10.8,730,24222,4.4416666,0,55,55
SC,1983,.1523097,1.26,0,0,3234.068,10,845,24977,4.6991668,0,55,55
SC,1984,.15866689,1.26,0,0,3271.864,7.0999999,915,25971,4.2491665,0,55,55
SC,1985,.16220847,1.26,0,0,3303.211,6.8000002,952,26677,4.1266665,0,55,55
SC,1986,.17225067,1.3,0,0,3342.759,6.1999998,1059,28250,3.2141666,0,55,55
SC,1987,.1815576,1.34,0,0,3380.507,5.5999999,1086,30224,4.4166665,0,55,55
SC,1988,.17905167,1.37,0,0,3412.097,4.5,1034,31759,3.3508334,0,65,55
SC,1989,.17608257,1.37,0,0,3456.777,4.6999998,996,32780,4.5041666,0,65,55
SC,1990,.1703098,1.4400001,0,1,3501.155,4.8000002,979,34376,3.2541666,0,65,55
SC,1991,.17771614,1.34,0,1,3570.404,6.3000002,890,34456,4.3841667,0,65,55
SC,1992,.18084747,1.34,0,1,3620.464,6.3000002,807,35049,4.5450001,0,65,55
SC,1993,.1831512,1.36,0,1,3663.314,7.5999999,846,36125,3.6933334,0,65,55
SC,1994,.1819642,1.38,0,1,3705.397,6.3000002,847,37245,4.4641666,0,65,55
SC,1995,.18212169,1.38,0,1,3748.582,5.0999999,881,38724,4.5466666,0,65,55
SC,1996,.1896341,1.39,0,1,3796.2,6,930,39756,3.7491667,0,65,55
SC,1997,.2026227,1.4,0,1,3859.696,4.5,903,41333,4.5858335,0,65,55
SC,1998,.21408419,1.42,0,1,3919.235,3.8,1002,42821,5.0841665,0,65,55
SC,1999,.21723974,1.4299999,0,1,3974.682,4.5,1065,44148,3.5574999,0,70,70
SC,2000,.2182112,1.45,0,1,4023.56,3.8,1065,45538,3.6675,0,70,70
SC,2001,.22282326,1.45,0,1,4059.615,5.3000002,1059,46601,3.0558333,0,70,70
SC,2002,.2312464,1.47,0,1,4102.568,6,1053,47290,3.7341666,0,70,70
SC,2003,.23722623,1.38,0,1,4146.753,6.8000002,968,48120,4.6550002,0,70,70
SD,1981,.1644647,1.3200001,0,0,689.5839999999999,5.0999999,177,6029,1.37,.10166667,55,55
SD,1982,.1837607,1.29,0,0,690.597,5.5,148,6361,1.7791667,.35583335,55,55
SD,1983,.19634716,1.3,0,0,693.009,5.4000001,174,6317,1.535,.090833336,55,55
SD,1984,.19899391,1.27,0,0,697.25,4.3000002,143,6401,1.6933334,.2475,55,55
SD,1985,.19646953,1.22,0,0,698.404,5.0999999,130,6277,1.4858334,.23999999,55,55
SD,1986,.19560087,1.22,0,0,696.0359999999999,4.6999998,134,6238,2.0716667,.20666666,55,55
SD,1987,.2010795,1.24,0,0,696.034,4.1999998,134,6209,1.5666667,.53666669,55,55
SD,1988,.19272676,1.21,0,0,698.16,3.9000001,147,6634,1.3,.14749999,65,55
SD,1989,.18272713,1.25,0,0,696.698,4.1999998,152,6704,1.3533334,.25583333,65,55
SD,1990,.17654224,1.36,0,0,697.101,3.9000001,153,6989,1.4258333,.10833333,65,55
SD,1991,.18385953,1.37,0,0,703.669,3.5999999,143,6711,1.7424999,.23999999,65,55
SD,1992,.19027643,1.37,0,0,712.801,3.2,161,7218,1.6841667,.31166667,65,55
SD,1993,.19038616,1.35,0,0,722.159,3.5999999,140,7413,2.1708333,.32916665,65,55
SD,1994,.19086206,1.38,0,0,730.79,3.3,154,7631,1.4166666,.2,65,55
SD,1995,.19749756,1.34,0,1,737.925,2.9000001,158,7669,1.9175,.32416669,65,55
SD,1996,.20386733,1.36,0,1,742.213,3.2,175,7817,1.7483333,.38583332,75,75
SD,1997,.2142538,1.36,0,1,744.223,3.0999999,148,7939,1.6975,.30666667,75,75
SD,1998,.22905824,1.42,0,1,746.058,2.9000001,165,8097,1.725,.20333333,75,75
SD,1999,.24459663,1.4299999,0,1,750.412,2.9000001,150,8244,1.8425,.060833331,75,75
SD,2000,.25010455,1.4400001,0,1,755.741,2.3,173,8432,1.5708333,.35500002,75,75
SD,2001,.247573,1.46,0,1,758.068,3.4000001,171,8542,1.7608334,.2775,75,75
SD,2002,.24492504,1.51,0,1,760.3680000000001,3.0999999,180,8499,1.1058333,.15666667,75,75
SD,2003,.24741457,1.51,0,1,764.599,3.5999999,203,8527,1.4525,.25,75,75
TN,1981,.1603342,1.14,0,0,4627.662,9.1000004,1100,34729,3.8883333,0,55,55
TN,1982,.163133,1.13,0,0,4646.043,11.8,1055,34793,4.9908333,0,55,55
TN,1983,.1637979,1.1,0,0,4659.757,11.5,1037,36261,4.5599999,0,55,55
TN,1984,.16421656,1.11,0,0,4686.743,8.6000004,1095,36523,4.4458332,0,55,55
TN,1985,.16232194,1.11,0,0,4715.292,8,1101,36258,3.6200001,.25166667,55,55
TN,1986,.161431,1.17,0,1,4738.708,8,1230,39521,3.7866666,0,55,55
TN,1987,.15990907,1.17,0,1,4782.939,6.5999999,1248,42126,3.9566667,0,55,55
TN,1988,.15450983,1.2,0,1,4822.438,5.8000002,1266,44193,3.895,0,65,55
TN,1989,.15487853,1.1799999,0,1,4854.432,5.0999999,1088,45639,5.8333335,.23166667,65,55
TN,1990,.15286367,1.22,0,1,4894.492,5.3000002,1176,46710,5.2741666,0,65,55
TN,1991,.15553933,1.1900001,0,1,4966.587,6.6999998,1113,47267,5.4233332,0,65,55
TN,1992,.159508,1.21,0,1,5049.742,6.4000001,1153,49994,4.1999998,0,65,55
TN,1993,.16620907,1.2,0,1,5137.584,5.6999998,1171,52112,4.0883331,0,65,55
TN,1994,.17349377,1.1799999,0,1,5231.438,4.8000002,1214,54524,5.4641666,.49000001,65,55
TN,1995,.1799919,1.1799999,0,1,5326.936,5.1999998,1259,56214,4.1824999,0,65,55
TN,1996,.18601207,1.1799999,0,1,5416.643,5.1999998,1239,58435,5.0258336,0,65,55
TN,1997,.19086806,1.16,0,1,5499.233,5.4000001,1223,60526,4.9233332,0,65,55
TN,1998,.19084761,1.1900001,0,1,5570.045,4.1999998,1216,62562,5.0033331,0,70,55
TN,1999,.19663033,1.21,0,1,5638.706,4,1302,64756,3.9216666,0,70,55
TN,2000,.20477967,1.21,0,1,5703.052,3.9000001,1306,65732,4.0841665,.30833334,70,55
TN,2001,.21500219,1.13,0,1,5746.831,4.4000001,1251,67632,4.7966666,0,70,70
TN,2002,.22929627,1.17,0,1,5790.312,5.0999999,1175,68229,4.7550001,0,70,70
TN,2003,.23965843,1.26,0,1,5841.585,5.8000002,1193,69154,5.8966665,0,70,70
TX,1981,.20662069,1.84,0,0,14746.318,5.3000002,4623,120084,2.3175001,0,55,55
TX,1982,.2139633,1.83,0,0,15331.408,6.9000001,4213,125218,2.24,0,55,55
TX,1983,.22378236,1.73,0,0,15751.674,8,3823,131883,2.0666666,0,55,55
TX,1984,.2304053,1.74,0,0,16007.088,5.9000001,3912,137737,1.7716666,0,55,55
TX,1985,.2314156,1.6799999,0,0,16272.722,7,3678,143263,2.29,0,55,55
TX,1986,.23255683,1.67,1,0,16561.103,8.8999996,3567,148348,2.5250001,0,55,55
TX,1987,.23901114,1.61,1,0,16621.767,8.3999996,3261,151186,2.7441666,0,55,55
TX,1988,.23622669,1.61,1,0,16667.04,7.3000002,3393,156458,1.7433333,0,65,55
TX,1989,.22789027,1.62,1,0,16806.729,6.6999998,3357,159512,2.1758332,0,65,55
TX,1990,.213948,1.64,1,0,17056.755,6.3000002,3241,156578,2.6641667,0,65,55
TX,1991,.2099572,1.6,1,0,17398.005,6.6999998,3078,158756,3.0925,0,65,55
TX,1992,.2111648,1.65,1,0,17759.738,7.6999998,3059,163329,3.0941668,0,65,55
TX,1993,.21481261,1.6,1,0,18161.612,7.1999998,3037,167611,2.2066667,0,65,55
TX,1994,.21693006,1.6,1,0,18564.062,6.4000001,3186,178348,2.1724999,0,65,55
TX,1995,.21746403,1.6,1,0,18958.751,6,3181,181096,2.29,0,65,55
TX,1996,.22006319,1.55,1,0,19340.342,5.5999999,3742,185386,1.9341667,0,70,70
TX,1997,.2274536,1.5599999,1,0,19740.317,5.4000001,3510,198702,2.9483333,0,70,70
TX,1998,.23749916,1.53,1,0,20157.531,4.8000002,3586,206023,2.1616666,0,70,70
TX,1999,.24513149,1.54,1,0,20558.22,4.5999999,3522,210874,1.7758334,0,70,70
TX,2000,.2476293,1.53,1,0,20949.354,4.1999998,3769,220064,2.1083333,0,75,70
TX,2001,.2478932,1.51,1,0,21333.606,4.8000002,3724,216217,2.4949999,0,75,70
TX,2002,.24843137,1.5,1,0,21722.394,6.3000002,3725,221026,2.1791666,0,75,70
TX,2003,.24801511,1.46,1,0,22099.136,6.8000002,3675,223418,2.0083334,0,75,70
UT,1981,.26868021,1.01,0,0,1515.472,6.6999998,364,10732,.93333334,.038333334,55,55
UT,1982,.2635667,1.01,0,0,1558.314,7.8000002,296,10925,1.2675,.31666666,55,55
UT,1983,.26381588,.88,0,0,1594.943,9.1999998,283,11221,1.4875,.26333332,55,55
UT,1984,.26429337,.88,0,0,1622.342,6.5,315,11661,1.0533333,.2475,55,55
UT,1985,.27669206,.89999998,0,0,1642.91,5.9000001,303,12037,1.0025001,.19916667,55,55
UT,1986,.28469217,.88999999,0,1,1662.833,6,313,12100,1.1191666,.059999999,55,55
UT,1987,.29512593,.83999997,0,1,1678.12,6.4000001,296,12679,1.025,.14666666,55,55
UT,1988,.27700856,.82999998,0,1,1689.372,4.9000001,297,13263,.79916668,.21333334,65,55
UT,1989,.25523144,.81999999,0,1,1705.865,4.5999999,303,13915,.64416665,.19749999,65,55
UT,1990,.23521297,.80000001,0,1,1731.223,4.3000002,272,14646,.86500001,.27916667,65,55
UT,1991,.23976776,.80000001,0,1,1779.78,5,271,15391,.90083331,.10666666,65,55
UT,1992,.24697547,.79000002,0,1,1836.799,5,269,16307,.91250002,.1575,65,55
UT,1993,.25119579,.77999997,0,1,1898.404,3.9000001,303,17056,1.2049999,.66666663,65,55
UT,1994,.2496369,.75999999,0,1,1960.446,3.7,342,18078,.9325,.46000001,65,55
UT,1995,.25112456,.75,0,1,2014.177,3.5999999,326,18781,1.1758333,.1275,65,55
UT,1996,.25184643,.76999998,0,1,2067.976,3.5,321,19539,1.04,.22499999,75,65
UT,1997,.26342681,.75999999,0,1,2119.784,3.0999999,366,20444,1.2416667,.38583332,75,65
UT,1998,.2742517,.73000002,0,1,2165.96,3.8,350,21270,1.2758334,.040833335,75,65
UT,1999,.28309834,.79000002,0,1,2203.482,3.7,360,22043,.95166665,.038333334,75,65
UT,2000,.28564739,.76999998,0,1,2243.136,3.3,373,22597,.94833332,.1,75,65
UT,2001,.2807669,.75999999,0,1,2287.736,4.4000001,292,23452,.91250002,.16,75,65
UT,2002,.27607161,.77999997,0,1,2336.673,6.0999999,328,24564,.5675,.1075,75,65
UT,2003,.28194121,.76999998,0,1,2378.696,5.5999999,309,24029,.92916667,.34833333,75,65
VA,1981,.22569899,1.23,0,0,5444.094,6.0999999,1011,38432,3.0033333,.047499999,55,55
VA,1982,.23396423,1.45,0,0,5492.785,7.6999998,879,41430,3.9633334,.32500002,55,55
VA,1983,.23884253,1.47,0,0,5564.662,6.0999999,901,42299,3.6933334,0,55,55
VA,1984,.24340899,1.46,0,0,5643.868,5,1014,44527,3.9533334,.205,55,55
VA,1985,.2453344,1.46,0,0,5715.149,5.5999999,977,47928,3.5983334,.24333334,55,55
VA,1986,.25179327,1.52,0,0,5811.692,5,1126,51726,2.9549999,0,55,55
VA,1987,.26011267,1.4,0,0,5932.273,4.1999998,1021,54834,3.8916667,0,55,55
VA,1988,.2626369,1.3099999,0,1,6036.908,3.9000001,1071,57453,2.9066668,.21083333,55,55
VA,1989,.26066497,1.23,0,1,6120.246,3.9000001,1004,59337,4.2975001,.17,65,55
VA,1990,.25601244,1.25,0,1,6216.884,4.3000002,1077,60178,3.52,0,65,55
VA,1991,.25472462,1.2,0,1,6301.217,5.9000001,942,61099,3.2766666,0,65,55
VA,1992,.25561514,1.25,0,1,6414.307,6.4000001,839,63447,3.6866667,0,65,55
VA,1993,.25494966,1.24,0,1,6509.63,5.0999999,878,65421,3.7833333,0,65,55
VA,1994,.25703385,1.2,0,1,6593.139,4.9000001,930,67609,4.0158334,.34083334,65,55
VA,1995,.26033083,1.15,0,1,6670.693,4.5,900,69811,3.3133333,0,65,55
VA,1996,.27225006,1.13,0,1,6750.884,4.4000001,877,71302,4.6158333,0,65,55
VA,1997,.28739366,1.13,0,1,6829.183,4,984,70320,3.2308333,0,65,55
VA,1998,.30130863,1.1799999,0,1,6900.918,2.9000001,935,72679,4.2341666,0,65,55
VA,1999,.30724016,1.1799999,0,1,7000.174,2.8,878,73908,3.5375001,0,65,55
VA,2000,.30966192,1.16,0,1,7104.078,2.2,930,74801,3.5049999,.16916667,65,55
VA,2001,.31500107,1.15,0,1,7191.941,3.4000001,935,73745,2.9949999,0,65,55
VA,2002,.32303718,1.15,0,1,7286.061,4.0999999,914,77450,3.1800001,0,65,65
VA,2003,.33042809,1.14,0,1,7383.387,4.0999999,943,76868,5.5258331,.1875,65,65
VT,1981,.2348333,1.49,0,0,515.5940000000001,5.6999998,114,3835,3.7591667,1.4816667,55,55
VT,1982,.23169556,1.49,0,0,519.1079999999999,6.9000001,107,3993,2.9775,1.0508333,55,55
VT,1983,.23155139,1.52,0,0,523.302,6.9000001,93,4151,4.3183331,1.5208334,55,55
VT,1984,.24033086,1.48,0,0,526.658,5.1999998,115,4403,3.605,1.1933333,55,55
VT,1985,.25381503,1.49,0,0,530.035,4.8000002,115,4688,3.0341666,.91249996,55,55
VT,1986,.26286727,1.55,0,0,534.066,4.6999998,109,4778,3.7166667,1.2816668,55,55
VT,1987,.26529273,1.5599999,0,0,540.2670000000001,3.5999999,119,5039,2.8133333,.67500001,55,55
VT,1988,.25836623,1.51,0,0,549.763,2.8,129,5553,3.0050001,.86166668,65,55
VT,1989,.2570568,1.45,0,0,557.708,3.7,116,5765,3.3800001,.74416667,65,55
VT,1990,.2615554,1.47,0,0,564.798,5,88,5838,4.0983334,1.5158333,65,55
VT,1991,.26238441,1.41,0,0,568.606,6.4000001,110,5870,3.1183333,.93666667,65,55
VT,1992,.26032254,1.35,0,0,572.751,6.6999998,96,6019,3.0799999,1.0074999,65,55
VT,1993,.2615082,1.34,0,0,577.748,5.5,110,5976,3.3625,1.2333333,65,55
VT,1994,.27302104,1.34,0,1,583.836,4.6999998,77,6152,3.5241666,1.1125,65,55
VT,1995,.27825716,1.27,0,1,589.002,4.1999998,106,6206,3.0291667,1.2241666,65,55
VT,1996,.27308571,1.29,0,1,593.701,4.5999999,88,6377,4.0974998,1.645,65,55
VT,1997,.27116659,1.23,0,1,597.239,4,96,6466,3.5933332,1.1775,65,55
VT,1998,.28122184,1.25,0,1,600.4160000000001,3.4000001,104,6596,3.9383333,1.2583333,65,55
VT,1999,.29140863,1.23,0,1,604.683,3,90,6543,3.23,1.1466666,65,55
VT,2000,.29566389,1.23,0,1,609.937,2.9000001,79,6811,4.0683331,1.2891667,65,55
VT,2001,.29895779,1.29,0,1,612.824,3.5999999,92,9617,2.8050001,1.2474999,65,55
VT,2002,.30707264,1.3200001,0,1,616.274,3.7,78,9677,3.8233333,1.2558334,65,55
VT,2003,.31841034,1.3200001,0,1,619.092,4.5999999,69,8309,3.6816666,1.2316667,65,55
WA,1981,.2545968,1.38,0,0,4235.728,9.5,855,30268,3.3866668,0,55,55
WA,1982,.25906622,1.33,0,0,4276.551,12.1,748,31258,3.7683332,1.1591667,55,55
WA,1983,.26302773,1.29,0,0,4300.269,11.2,698,36144,4.1908336,.37750003,55,55
WA,1984,.26699001,1.24,0,0,4343.657,9.5,713,34248,3.5008333,.36083332,55,55
WA,1985,.26607171,1.22,0,0,4400.096,8.1000004,742,34375,2.0150001,1.03,55,55
WA,1986,.26626205,1.23,0,0,4452.724,8.1999998,703,35993,3.395,0,55,55
WA,1987,.27159694,1.23,0,1,4531.903,7.5999999,780,38520,2.8108332,1.0074999,55,55
WA,1988,.26003683,1.22,0,1,4639.894,6.1999998,778,41813,2.9808333,.33083335,65,55
WA,1989,.25196093,1.24,0,1,4746.315,6.1999998,781,43233,2.7266667,.42999998,65,55
WA,1990,.24426094,1.27,0,1,4903.043,4.9000001,825,44695,3.8150001,.39583334,65,55
WA,1991,.25536144,1.23,0,1,5025.624,6.4000001,682,46449,3.3158333,.35416666,65,55
WA,1992,.26605752,1.26,0,1,5160.757,7.5999999,651,49386,2.8466666,.37583336,65,55
WA,1993,.26609373,1.1900001,0,1,5278.842,7.5999999,661,46135,2.4483333,.42666668,65,55
WA,1994,.26359224,1.1799999,0,1,5375.161,6.4000001,638,47428,3.1558332,0,65,55
WA,1995,.26262662,1.14,0,1,5481.027,6.4000001,653,49250,3.7833333,0,65,55
WA,1996,.26818484,1.13,0,1,5569.753,6.5,712,49405,4.2316666,1.3625,70,60
WA,1997,.27577141,1.11,0,1,5674.747,4.8000002,676,51068,3.5791667,.58666664,70,60
WA,1998,.28509602,1.12,0,1,5769.562,4.8000002,662,51927,3.7766666,.77833337,70,60
WA,1999,.28756613,1.1,0,1,5842.564,4.6999998,637,52714,3.9708333,0,70,60
WA,2000,.28549191,1.09,0,1,5911.212,5.1999998,632,53330,2.655,.67500001,70,60
WA,2001,.28205892,1.08,0,1,5992.412,6.4000001,649,53665,2.7441666,0,70,60
WA,2002,.29061669,1.08,1,0,6066.319,7.3000002,659,54776,2.925,0,70,60
WA,2003,.29961249,1.05,1,0,6131.131,7.5,600,55015,3.0050001,0,70,60
WI,1981,.1963781,1.95,0,0,4726.345,7.8000002,912,33611,2.5166667,.50916666,55,55
WI,1982,.20590703,1.9299999,0,0,4728.862,10.7,770,32794,2.7574999,.88999999,55,55
WI,1983,.2086823,1.9299999,0,0,4721.438,10.4,725,34106,2.7283332,.57333332,55,55
WI,1984,.21014281,1.86,0,0,4735.571,7.3000002,834,35367,2.6283333,.56166667,55,55
WI,1985,.2096719,1.8200001,0,0,4747.765,7.1999998,744,36679,2.9241667,.77916664,55,55
WI,1986,.21796434,1.87,0,0,4755.625,7,747,38428,2.8225,.41750002,55,55
WI,1987,.22654627,1.78,0,0,4777.923,6.0999999,797,40196,2.2566667,.26416668,55,55
WI,1988,.220378,1.75,0,1,4822.391,4.3000002,807,42458,2.0283334,.40000001,65,55
WI,1989,.21142517,1.71,0,1,4856.568,4.4000001,817,43086,1.8816667,.45750001,65,55
WI,1990,.20102626,1.74,0,1,4904.562,4.4000001,769,44277,2.8441668,.33833334,65,55
WI,1991,.19519657,1.65,0,1,4964.343,5.5,797,45458,2.9983335,.70999998,65,55
WI,1992,.19415937,1.59,0,1,5025.398,5.1999998,652,47628,2.5274999,.84750003,65,55
WI,1993,.199728,1.59,0,1,5084.889,4.6999998,714,49167,2.8766665,.5025,65,55
WI,1994,.21421146,1.58,0,1,5133.678,4.6999998,712,50273,2.5408335,.41333333,65,55
WI,1995,.22570376,1.55,0,1,5184.836,3.7,745,51396,2.3499999,.37916666,65,55
WI,1996,.23012553,1.53,0,1,5229.986,3.5,761,52782,2.49,.79083335,65,55
WI,1997,.23576429,1.5700001,0,1,5266.213,3.7,725,54405,2.2883332,.60416663,65,65
WI,1998,.23865341,1.61,0,1,5297.672,3.4000001,714,56655,2.6300001,.79000002,65,65
WI,1999,.24160969,1.53,0,1,5332.666,3,745,56961,2.835,.51083332,65,65
WI,2000,.24405864,1.54,0,1,5374.429,3.5999999,799,57266,2.9258335,.44916669,65,65
WI,2001,.24682911,1.53,0,1,5404.432,4.5,763,57269,2.8933334,.54083335,65,65
WI,2002,.2499395,1.5599999,0,1,5439.137,5.5,803,58746,2.7591667,.63333333,65,65
WI,2003,.25369248,1.52,0,1,5471.792,5.5999999,848,59615,2.3041668,.41749999,65,65
WV,1981,.1166329,1.0599999,0,0,1954.125,10.7,410,10440,3.5058334,.33416668,55,55
WV,1982,.11912973,1.11,0,0,1949.605,13.9,465,10932,3.7550001,.28916666,55,55
WV,1983,.12002397,1.13,0,0,1945.058,18,434,11696,3.3724999,.46416667,55,55
WV,1984,.11871716,1.12,0,0,1927.696,15,447,12671,3.7616665,.14416666,55,55
WV,1985,.118866,1.11,0,0,1906.831,13,420,12664,3.6541667,.83333331,55,55
WV,1986,.1217384,1.1,0,0,1882.352,11.8,440,13181,3.6849999,.16166668,55,55
WV,1987,.12098737,1.11,0,0,1857.583,10.8,471,13742,3.3200002,.27166668,55,55
WV,1988,.11826643,1.12,0,0,1830.213,9.8999996,460,13884,2.9749999,.19166666,65,55
WV,1989,.1151039,1.12,0,0,1806.57,8.6000004,468,14940,4.5025001,.16,65,55
WV,1990,.11440367,1.2,0,0,1792.548,8.3999996,481,15418,4.0041666,0,65,55
WV,1991,.11527433,1.1799999,0,0,1798.735,10.6,415,16026,3.6008334,0,65,55
WV,1992,.1153149,1.16,0,0,1806.451,11.4,420,16478,3.6500001,0,65,55
WV,1993,.11406694,1.1799999,0,0,1817.539,10.9,429,16778,3.7066667,.465,65,55
WV,1994,.1221915,1.17,0,1,1820.421,8.8999996,356,17112,4.5441666,.46250001,65,55
WV,1995,.13341451,1.14,0,1,1823.7,7.9000001,376,17421,3.5466666,.66249996,65,55
WV,1996,.14873087,1.14,0,1,1822.808,7.5,348,17693,5.0799999,1.0916667,65,55
WV,1997,.1581044,1.14,0,1,1819.113,6.9000001,379,18324,3.54,.1925,65,55
WV,1998,.1608797,1.17,0,1,1815.609,6.6999998,354,18666,4.0374999,0,70,55
WV,1999,.1611248,1.1799999,0,1,1811.799,6.5999999,395,19032,3.1791666,0,70,55
WV,2000,.15973327,1.1799999,0,1,1807.442,5.5,410,19242,3.8941667,.36833331,70,55
WV,2001,.15947777,1.23,0,1,1801.438,4.8000002,376,19714,3.4641666,.21749999,70,55
WV,2002,.15960674,1.26,0,1,1804.529,6.0999999,439,20005,3.7483335,0,70,55
WV,2003,.15966366,1.23,0,1,1810.347,6.0999999,394,20082,5.2808332,1.2358334,70,55
WY,1981,.256845,1.91,0,0,491.712,4.0999999,264,5222,.99000001,.15083334,55,55
WY,1982,.25965694,1.8,0,0,506.4,5.8000002,201,5281,1.255,.32833332,55,55
WY,1983,.26532727,1.66,0,0,510.344,8.3999996,174,5059,1.2,.33333334,55,55
WY,1984,.25327927,1.58,0,0,504.895,6.3000002,158,5127,1.0333333,.26333332,55,55
WY,1985,.23036823,1.5599999,0,0,499.696,7.0999999,152,5401,.90333331,.32416666,55,55
WY,1986,.20975207,1.46,0,0,495.633,9,168,5373,1.1525,.3425,55,55
WY,1987,.21869276,1.46,0,0,476.966,8.6000004,129,5367,1.0608333,.31583333,55,55
WY,1988,.22249153,1.39,0,0,465.103,6.3000002,155,5658,.72500002,.28333333,65,55
WY,1989,.22003223,1.35,0,0,458.373,6.3000002,127,5751,.96333331,.215,65,55
WY,1990,.21034044,1.48,0,1,453.69,5.5,125,5833,.9691667,.14666666,65,55
WY,1991,.20441537,1.45,0,1,459.26,5.1999998,122,5998,1.1183333,.19499999,65,55
WY,1992,.2007132,1.4400001,0,1,466.251,5.6999998,118,6217,.99833333,.22083333,65,55
WY,1993,.18988433,1.4,0,1,473.081,5.5,120,6770,1.2424999,.34999999,65,55
WY,1994,.19091544,1.42,0,1,480.283,5.3000002,144,6689,.77333331,.29416665,65,55
WY,1995,.19590126,1.34,0,1,485.16,4.8000002,170,7044,1.3025,.19166666,65,55
WY,1996,.20378067,1.37,0,1,488.167,5,143,7360,1.0033333,.40583333,75,60
WY,1997,.20458376,1.36,0,1,489.451,5.0999999,137,7576,1.2241666,.27500001,75,60
WY,1998,.20705126,1.38,0,1,490.787,4.8000002,154,8031,1.1641667,.31416667,75,60
WY,1999,.21063434,1.41,0,1,491.78,4.9000001,189,7797,1.075,.19583334,75,60
WY,2000,.2122639,1.42,0,1,494.139,3.9000001,152,8090,.93916667,.28749999,75,60
WY,2001,.2072883,1.4299999,0,1,494.045,3.9000001,186,8625,.78583336,.16249999,75,60
WY,2002,.2040253,1.46,0,1,499.045,4.1999998,176,9007,.7166667,.22999999,75,60
WY,2003,.2074452,1.6900001,0,1,501.915,4.4000001,165,9211,1.0058333,.27916667,75,60
